1; Re:ZERO - Starting Life in Another World;8,3;https://myanimelist.net/anime/31240/Re_Zero_kara_Hajimeru_Isekai_Seikatsu?q=%20Re%3AZERO%20-Starting%20Life%20in%20Another%20World-%20;https://cdn.myanimelist.net/images/anime/11/79410.jpg;25;25;True;True;;Completed
2;.hack//Sign;7,1;https://myanimelist.net/anime/48/hack__Sign;https://cdn.myanimelist.net/images/anime/1443/94665.jpg;26;0;True;False;Sign > Liminality > Legend of Twilight > Gift > Roots > G.U. Trilogy > G.U. Returner > Quantum > Sekai no Mukou ni;Intresting
3;[C] - CONTROL - The Money and Soul of Possibility;7,3;https://myanimelist.net/anime/10163/C__The_Money_of_Soul_and_Possibility_Control;https://cdn.myanimelist.net/images/anime/5/50551.jpg;11;0;True;False;;Intresting
4;86;0;https://myanimelist.net/anime/41457/86;https://cdn.myanimelist.net/images/anime/1536/106658.jpg;0;0;False;False;;Not Aired Yet
5;A Certain Magical Index;7,5;https://myanimelist.net/anime/4654/Toaru_Majutsu_no_Index;https://cdn.myanimelist.net/images/anime/2/75533.jpg;24;0;True;False;;Hmmm
6;A Certain Scientific Accelerator;7,1;https://myanimelist.net/anime/38480/Toaru_Kagaku_no_Accelerator;https://cdn.myanimelist.net/images/anime/1160/99995.jpg;12;0;True;False;;Intresting
7;A Certain Scientific Railgun;7,8;https://myanimelist.net/anime/6213/Toaru_Kagaku_no_Railgun;https://cdn.myanimelist.net/images/anime/8/53581.jpg;24;0;True;False;;Hmmm
8;A Destructive God Sits Next to Me;6,8;https://myanimelist.net/anime/38302/Boku_no_Tonari_ni_Ankoku_Hakaishin_ga_Imasu?q=%20A%20Destructive%20God%20Sits%20Next%20to%20Me%20;https://cdn.myanimelist.net/images/anime/1848/103547.jpg;12;0;False;False;;Whatever
9;A Place Further Than the Universe;8,6;https://myanimelist.net/anime/35839/Sora_yori_mo_Tooi_Basho?q=%20A%20Place%20Further%20Than%20the%20Universe%20;https://cdn.myanimelist.net/images/anime/6/89879.jpg;13;0;False;False;;Comedy
10;A Silent Voice;9,0;https://myanimelist.net/anime/28851/Koe_no_Katachi?q=%20A%20Silent%20Voice%20;https://cdn.myanimelist.net/images/anime/1122/96435.jpg;1;1;True;False;;Completed
11;A Sister's All You Need;7,5;https://myanimelist.net/anime/35413/Imouto_sae_Ireba_Ii;https://cdn.myanimelist.net/images/anime/10/88472.jpg;12;0;True;False;;Comedy
12;A Whisker Away;0;https://myanimelist.net/anime/41168/Nakitai_Watashi_wa_Neko_wo_Kaburu;https://cdn.myanimelist.net/images/anime/1045/106389.jpg;1;0;True;False;;Movie
13;Absolute Duo;6,7;https://myanimelist.net/anime/25397/Absolute_Duo?q=%20Absolute%20Duo%20;https://cdn.myanimelist.net/images/anime/4/68839.jpg;12;12;True;False;;Completed
14;Aesthetica of a Rogue Hero;7,1;https://myanimelist.net/anime/13161/Hagure_Yuusha_no_Aesthetica?q=%20Aesthetica%20of%20a%20Rogue%20Hero%20;https://cdn.myanimelist.net/images/anime/9/74047.jpg;12;0;True;False;;Harem
15;Akame ga Kill!;7,7;https://myanimelist.net/anime/22199/Akame_ga_Kill;https://cdn.myanimelist.net/images/anime/1429/95946.jpg;24;0;True;False;;Hmmm
16;Akashic Records of Bastard Magic Instructor;7,3;https://myanimelist.net/anime/32951/Rokudenashi_Majutsu_Koushi_to_Akashic_Records?q=%20Akashic%20Records%20of%20Bastard%20Magic%20Instructor%20;https://cdn.myanimelist.net/images/anime/8/85593.jpg;12;12;True;False;;Completed
17;Akudama Drive;0;https://myanimelist.net/anime/41433;https://cdn.myanimelist.net/images/anime/1468/109172.jpg;0;0;False;False;;Not Aired Yet
18;Amagami SS;7,5;https://myanimelist.net/anime/8676/Amagami_SS;https://cdn.myanimelist.net/images/anime/10/78699.jpg;25;0;False;False;;Whatever
19;Amagi Brilliant Park;7,6;https://myanimelist.net/anime/22147/Amagi_Brilliant_Park?q=%20Amagi%20Brilliant%20Park%20;https://cdn.myanimelist.net/images/anime/5/85435.jpg;13;0;True;False;;Comedy
20;And you thought there is never a girl online? ;7,0;https://myanimelist.net/anime/31404/Netoge_no_Yome_wa_Onnanoko_ja_Nai_to_Omotta?q=%20And%20you%20thought%20there%20is%20never%20a%20girl%20online%3F%20;https://cdn.myanimelist.net/images/anime/3/79414.jpg;12;12;True;False;;Completed
21;Angel Beats!;8,2;https://myanimelist.net/anime/6547/Angel_Beats?q=%20Angel%20Beats!%20;https://cdn.myanimelist.net/images/anime/10/22061.jpg;13;13;True;False;;Completed
22;Angels of Death;6,9;https://myanimelist.net/anime/35994/Satsuriku_no_Tenshi/reviews;https://cdn.myanimelist.net/images/anime/1862/95624.jpg;12;0;True;False;???;Whatever
23;Anohana: The Flower We Saw That Day;8,5;https://myanimelist.net/anime/9989/Ano_Hi_Mita_Hana_no_Namae_wo_Bokutachi_wa_Mada_Shiranai?q=%20Anohana%3A%20The%20Flower%20We%20Saw%20That%20Day%20;https://cdn.myanimelist.net/images/anime/5/79697.jpg;11;0;True;False;;Slice of Life
24;Arifureta: From Commonplace to World's Strongest;6,5;https://myanimelist.net/anime/36882/Arifureta_Shokugyou_de_Sekai_Saikyou?q=%20Arifureta%3A%20From%20Commonplace%20to%20World%27s%20Strongest%20;https://cdn.myanimelist.net/images/anime/1799/101266.jpg;13;0;True;False;Novel!!!;Whatever
25;As Miss Beelzebub Likes it;7,3;https://myanimelist.net/anime/37716/Beelzebub-jou_no_Okinimesu_mama;https://cdn.myanimelist.net/images/anime/1827/95738.jpg;12;0;False;False;;Comedy
26;Ascendance of a Bookworm;8,1;https://myanimelist.net/anime/39468/Honzuki_no_Gekokujou__Shisho_ni_Naru_Tame_ni_wa_Shudan_wo_Erandeiraremasen;https://cdn.myanimelist.net/images/anime/1582/101697.jpg;14;14;True;False;Light Novel?;Completed
27;Asobi Asobase: Workshop Of Fun;8,2;https://myanimelist.net/anime/37171/Asobi_Asobase;https://cdn.myanimelist.net/images/anime/1139/95077.jpg;12;0;False;False;;Comedy
28;Assassination Classroom;8,2;https://myanimelist.net/anime/24833/Ansatsu_Kyoushitsu;https://cdn.myanimelist.net/images/anime/5/75639.jpg;22;0;True;False;;Intresting
29;Assassins Pride;6,2;https://myanimelist.net/anime/38572/Assassins_Pride?q=%20ASSASSINS%20PRIDE%20;https://cdn.myanimelist.net/images/anime/1267/103421.jpg;12;0;True;False;Novel???;Whatever
30;Assault Lily BOUQUET;0;https://myanimelist.net/anime/40550/Assault_Lily__Bouquet?q=%20Assault%20Lily%20BOUQUET%20;https://cdn.myanimelist.net/images/anime/1024/108413.jpg;0;0;False;False;;Not Aired Yet
31;Astarotte's Toy;6,7;https://myanimelist.net/anime/9736/Astarotte_no_Omocha?q=%20Astarotte%27s%20Toy%20;https://cdn.myanimelist.net/images/anime/3/75562.jpg;12;0;False;False;???;Harem
32;Astra Lost in Space ;8,3;https://myanimelist.net/anime/39198/Kanata_no_Astra;https://cdn.myanimelist.net/images/anime/1557/100976.jpg;12;0;True;False;;Intresting
33;Atelier Escha & Logy: Alchemists of the Dusk Sky ;6,5;https://myanimelist.net/anime/21167/Escha___Logy_no_Atelier__Tasogare_no_Sora_no_Renkinjutsushi?q=%20Atelier%20Escha%20%26%20Logy%3A%20Alchemists%20of%20the%20Dusk%20Sky%20;https://cdn.myanimelist.net/images/anime/2/61733.jpg;12;0;False;False;???;Comedy
34;Attack on Titan;8,5;https://myanimelist.net/anime/16498/Shingeki_no_Kyojin?q=%20Attack%20on%20Titan%20;https://cdn.myanimelist.net/images/anime/10/47347.jpg;25;25;True;False;;Completed
35;Attack on Titan Season 2;8,4;https://myanimelist.net/anime/25777/Shingeki_no_Kyojin_Season_2;https://cdn.myanimelist.net/images/anime/4/84177.jpg;12;12;True;False;;Completed
36;Attack on Titan Season 3;8,5;https://myanimelist.net/anime/35760/Shingeki_no_Kyojin_Season_3?q=attack%20on;https://cdn.myanimelist.net/images/anime/1173/92110.jpg;12;12;True;False;;Completed
37;Attack on Titan Season 3 Part 2;9,1;https://myanimelist.net/anime/38524/Shingeki_no_Kyojin_Season_3_Part_2;https://cdn.myanimelist.net/images/anime/1517/100633.jpg;10;10;True;False;;Completed
38;Attack On Titan The Final Season;0;https://myanimelist.net/anime/40028/Shingeki_no_Kyojin_The_Final_Season;https://cdn.myanimelist.net/images/anime/1384/107759.jpg;0;0;False;False;;Not Aired Yet
39;B: The Beginning ;7,5;https://myanimelist.net/anime/32827/B__The_Beginning;https://cdn.myanimelist.net/images/anime/1564/90469.jpg;12;0;True;False;;Hmmm
40;Babylon;7,2;https://myanimelist.net/anime/37525/Babylon?q=%20BABYLON%20;https://cdn.myanimelist.net/images/anime/1942/102707.jpg;12;0;False;False;;Intresting
41;Back Arrow;0;https://myanimelist.net/anime/40964/Back_Arrow;https://cdn.myanimelist.net/images/anime/1732/105234.jpg;0;0;False;False;;Not Aired Yet
42;Baka and Test - Summon the Beasts;7,7;https://myanimelist.net/anime/6347/Baka_to_Test_to_Shoukanjuu?q=%20Baka%20and%20Test%20-%20Summon%20the%20Beasts%20;https://cdn.myanimelist.net/images/anime/3/50389.jpg;13;0;True;False;;Harem
43;Barakamon;8,4;https://myanimelist.net/anime/22789/Barakamon?q=%20Barakamon%20;https://cdn.myanimelist.net/images/anime/12/65427.jpg;12;0;True;False;;Slice of Life
44;Beastars;8,4;https://myanimelist.net/anime/39195/Beastars;https://cdn.myanimelist.net/images/anime/1234/102008.jpg;12;0;False;False;;Slice of Life
45;Beyond the Boundary;7,8;https://myanimelist.net/anime/18153/Kyoukai_no_Kanata?q=%20Beyond%20the%20Boundary%20;https://cdn.myanimelist.net/images/anime/3/85468.jpg;12;0;True;False;;Intresting
46;Black Butler;7,9;https://myanimelist.net/anime/4898/Kuroshitsuji?q=%20Black%20Butler%20;https://cdn.myanimelist.net/images/anime/5/27013.jpg;24;24;True;False;;Completed
47;Black Butler II;7,4;https://myanimelist.net/anime/6707/Kuroshitsuji_II;https://cdn.myanimelist.net/images/anime/4/50499.jpg;12;0;True;False;;Watching
48;Blast of Tempest;8,1;https://myanimelist.net/anime/14075/Zetsuen_no_Tempest;https://cdn.myanimelist.net/images/anime/7/42453.jpg;24;0;False;False;;Intresting
49;Bleach;7,9;https://myanimelist.net/anime/269/Bleach?q=%20Bleach%20;https://cdn.myanimelist.net/images/anime/3/40451.jpg;366;366;True;False;;Completed
50;Blend S;7,5;https://myanimelist.net/anime/34618/Blend_S;https://cdn.myanimelist.net/images/anime/6/88286.jpg;12;0;False;False;;Comedy
51;Blood Blockade Battlefront;7,7;https://myanimelist.net/anime/24439/Kekkai_Sensen;https://cdn.myanimelist.net/images/anime/12/73559.jpg;12;0;True;False;;Intresting
52;Blood Lad;7,4;https://myanimelist.net/anime/11633/Blood_Lad?q=%20Blood%20Lad%20;https://cdn.myanimelist.net/images/anime/11/47677.jpg;10;10;True;False;;Completed
53;Bloom Into You;8,0;https://myanimelist.net/anime/37786/Yagate_Kimi_ni_Naru;https://cdn.myanimelist.net/images/anime/1783/96153.jpg;13;0;True;False;;Slice of Life
54;Blue Exorcist;7,7;https://myanimelist.net/anime/9919/Ao_no_Exorcist;https://cdn.myanimelist.net/images/anime/10/75195.jpg;25;25;True;False;;Completed
55;BOFURI: I Don't Want to Get Hurt, so I'll Max Out My Defense;7,7;https://myanimelist.net/anime/38790/Itai_no_wa_Iya_nano_de_Bougyoryoku_ni_Kyokufuri_Shitai_to_Omoimasu?q=%20BOFURI%3A%20I%20Don%27t%20Want%20to%20Get%20Hurt%2C%20so%20I%27ll%20Max%20Out%20My%20Defense.%20;https://cdn.myanimelist.net/images/anime/1826/105017.jpg;12;12;True;True;;Completed
56;Boku no Hero Academia 2nd Season;8,6;https://myanimelist.net/anime/33486/Boku_no_Hero_Academia_2nd_Season;https://cdn.myanimelist.net/images/anime/12/85221.jpg;25;25;True;False;;Completed
57;Boku no Hero Academia 3rd Season;8,5;https://myanimelist.net/anime/36456/Boku_no_Hero_Academia_3rd_Season;https://cdn.myanimelist.net/images/anime/1319/92084.jpg;25;25;True;False;;Completed
58;Bokutachi no Remake;0;https://myanimelist.net/anime/40904/Bokutachi_no_Remake?q=%20Bokutachi%20no%20Remake%20;https://cdn.myanimelist.net/images/anime/1384/104932.jpg;0;0;False;False;;Not Aired Yet
59;Boogiepop and Others;7,2;https://myanimelist.net/anime/37451/Boogiepop_wa_Warawanai_2019;https://cdn.myanimelist.net/images/anime/1135/95454.jpg;18;0;True;False;;Hmmm
60;Bottom-tier Character Tomozaki;0;https://myanimelist.net/anime/40530/Jaku-Chara_Tomozaki-kun?q=%20Jaku-Chara%20Tomozaki-kun%20;https://cdn.myanimelist.net/images/anime/1120/109232.jpg;0;0;False;False;;Not Aired Yet
61;Brynhildr in the Darkness;7,0;https://myanimelist.net/anime/21431/Gokukoku_no_Brynhildr?q=%20Brynhildr%20in%20the%20Darkness%20;https://cdn.myanimelist.net/images/anime/5/61433.jpg;13;13;False;False;Manga!!!;Completed
62;Bungo Stray Dogs ;7,8;https://myanimelist.net/anime/31478/Bungou_Stray_Dogs;https://cdn.myanimelist.net/images/anime/3/79409.jpg;12;12;True;True;;Completed
63;Bungo Stray Dogs 2;8,2;https://myanimelist.net/anime/32867;https://cdn.myanimelist.net/images/anime/5/88585.jpg;12;12;True;False;;Completed
64;Bungo Stray Dogs 3;8,2;https://myanimelist.net/anime/38003;https://cdn.myanimelist.net/images/anime/1037/100463.jpg;12;12;True;False;;Completed
65;Bungou to Alchemist: Shinpan no Haguruma;6,3;https://myanimelist.net/anime/40934/Bungou_to_Alchemist__Shinpan_no_Haguruma?q=bungou%20to%20al;https://cdn.myanimelist.net/images/anime/1336/105954.jpg;13;0;False;False;;Whatever
66;Bunny Drop;8,5;https://myanimelist.net/anime/10162/Usagi_Drop?q=%20Bunny%20Drop%20;https://cdn.myanimelist.net/images/anime/2/29665.jpg;11;0;False;False;;Slice of Life
67;Cautious Hero: The Hero Is Overpowered but Overly Cautious ;7,7;https://myanimelist.net/anime/38659/Shinchou_Yuusha__Kono_Yuusha_ga_Ore_Tsueee_Kuse_ni_Shinchou_Sugiru;https://cdn.myanimelist.net/images/anime/1715/103419.jpg;12;12;True;False;;Completed
68;Chaika - The Coffin Princess;7,4;https://myanimelist.net/anime/20853/Hitsugi_no_Chaika;https://cdn.myanimelist.net/images/anime/8/55257.jpg;12;0;True;False;;Intresting
69;Charlotte;7,9;https://myanimelist.net/anime/28999/Charlotte;https://cdn.myanimelist.net/images/anime/12/74683.jpg;13;0;True;False;;Intresting
70;Cheat Kusushi no Slow Life: Isekai ni Tsukurou Drugstore;0;https://myanimelist.net/anime/40960/Cheat_Kusushi_no_Slow_Life__Isekai_ni_Tsukurou_Drugstore;https://cdn.myanimelist.net/images/anime/1595/107702.jpg;0;0;False;False;;Not Aired Yet
71;Children of the Whales;7,3;https://myanimelist.net/anime/34712/Kujira_no_Kora_wa_Sajou_ni_Utau;https://cdn.myanimelist.net/images/anime/4/86661.jpg;12;0;True;False;;Hmmm
72;Chivalry of a Failed Knight;7,7;https://myanimelist.net/anime/30296/Rakudai_Kishi_no_Cavalry?q=%20Chivalry%20of%20a%20Failed%20Knight%20;https://cdn.myanimelist.net/images/anime/9/76493.jpg;12;0;True;False;;Harem
73;Clannad;8,2;https://myanimelist.net/anime/2167/Clannad?q=Clannad;https://cdn.myanimelist.net/images/anime/1804/95033.jpg;23;23;True;False;;Completed
74;Clannad: After Story;9,0;https://myanimelist.net/anime/4181/Clannad__After_Story;https://cdn.myanimelist.net/images/anime/13/24647.jpg;24;24;True;False;;Completed
75;Classroom of the Elite;7,9;https://myanimelist.net/anime/35507/Youkoso_Jitsuryoku_Shijou_Shugi_no_Kyoushitsu_e_TV?q=%20Classroom%20of%20the%20Elite%20;https://cdn.myanimelist.net/images/anime/5/86830.jpg;12;0;True;False;;Intresting
76;Claymore;7,8;https://myanimelist.net/anime/1818/Claymore?q=%20Claymore%20;https://cdn.myanimelist.net/images/anime/3/21834.jpg;26;26;True;False;;Completed
77;Code Geass: Fukkatsu no Lelouch;8,1;https://myanimelist.net/anime/34437/Code_Geass__Fukkatsu_no_Lelouch;https://cdn.myanimelist.net/images/anime/1647/96892.jpg;1;1;True;False;;Completed
78;Code Geass: Lelouch of the Rebellion;8,8;https://myanimelist.net/anime/1575/Code_Geass__Hangyaku_no_Lelouch?q=%20Code%20Geass%3A%20Lelouch%20of%20the%20Rebellion%20;https://cdn.myanimelist.net/images/anime/5/50331.jpg;25;25;True;False;;Completed
79;Code Geass: Lelouch of the Rebellion R2 ;8,9;https://myanimelist.net/anime/2904/Code_Geass__Hangyaku_no_Lelouch_R2;https://cdn.myanimelist.net/images/anime/4/9391.jpg;25;25;True;False;;Completed
80;Comic Girls;7,5;https://myanimelist.net/anime/35756/Comic_Girls;https://cdn.myanimelist.net/images/anime/1207/91794.jpg;12;0;False;False;;Comedy
81;Cop Craft;6,9;https://myanimelist.net/anime/38940/Cop_Craft;https://cdn.myanimelist.net/images/anime/1365/103219.jpg;12;0;True;False;;Intresting
82;D.Gray-man;8,1;https://myanimelist.net/anime/1482/DGray-man;https://cdn.myanimelist.net/images/anime/13/75194.jpg;103;0;True;False;Episode 6?;Top
83;Daily Lives of High School Boys;8,3;https://myanimelist.net/anime/11843/Danshi_Koukousei_no_Nichijou?q=%20Daily%20Lives%20of%20High%20School%20Boys%20;https://cdn.myanimelist.net/images/anime/3/33257.jpg;12;0;False;False;;Comedy
84;Danganronpa: The Animation ;7,4;https://myanimelist.net/anime/16592/Danganronpa__Kibou_no_Gakuen_to_Zetsubou_no_Koukousei_The_Animation;https://cdn.myanimelist.net/images/anime/4/51463.jpg;13;0;True;False;;Intresting
85;Darker than Black;8,2;https://myanimelist.net/anime/2025/Darker_than_Black__Kuro_no_Keiyakusha?q=%20Darker%20than%20Black%20;https://cdn.myanimelist.net/images/anime/5/19570.jpg;25;25;True;False;;Completed
86;Darker than Black: Gemini of the Meteor;7,5;https://myanimelist.net/anime/6573/Darker_than_Black__Ryuusei_no_Gemini;https://cdn.myanimelist.net/images/anime/11/50373.jpg;12;12;True;False;;Completed
87;Darling in the FranXX;7,5;https://myanimelist.net/anime/35849/Darling_in_the_FranXX;https://cdn.myanimelist.net/images/anime/1614/90408.jpg;24;0;True;False;;Hmmm
88;Darwin's Game;7,5;https://myanimelist.net/anime/38656/Darwins_Game?q=%20Darwin%27s%20Game%20;https://cdn.myanimelist.net/images/anime/1105/104787.jpg;11;0;True;False;;Intresting
89;Date A Live;7,4;https://myanimelist.net/anime/15583/Date_A_Live?q=%20Date%20A%20Live%20;https://cdn.myanimelist.net/images/anime/13/44844.jpg;12;12;True;False;;Completed
90;Date A Live III ;7,2;https://myanimelist.net/anime/36633/Date_A_Live_III?q=%20Date%20A%20Live%20III%20;https://cdn.myanimelist.net/images/anime/1055/100468.jpg;12;12;True;False;;Completed
91;Date A Live IV;0;https://myanimelist.net/anime/41461;https://cdn.myanimelist.net/images/anime/1944/106486l.jpg;0;0;False;False;;Not Aired Yet
92;Death March to the Parallel World Rhapsody;6,7;https://myanimelist.net/anime/34497/Death_March_kara_Hajimaru_Isekai_Kyousoukyoku?q=%20Death%20March%20to%20the%20Parallel%20World%20Rhapsody%20;https://cdn.myanimelist.net/images/anime/4/88911.jpg;12;12;True;True;;Completed
93;Death Note;8,7;https://myanimelist.net/anime/1535/Death_Note?q=%20Death%20Note%20;https://cdn.myanimelist.net/images/anime/9/9453.jpg;37;37;True;False;;Completed
94;Death Parade;8,2;https://myanimelist.net/anime/28223/Death_Parade;https://cdn.myanimelist.net/images/anime/5/71553.jpg;12;0;True;False;;Intresting
95;Deca-Dence;7,6;https://myanimelist.net/anime/40056/Deca-Dence?q=%20Deca-Dence%20;https://cdn.myanimelist.net/images/anime/1627/107552.jpg;12;0;False;False;;Intresting
96;Demon King Daimao;7,0;https://myanimelist.net/anime/7088/Ichiban_Ushiro_no_Daimaou?q=%20Demon%20King%20Daimao%20;https://cdn.myanimelist.net/images/anime/11/75554.jpg;12;8;True;False;;Watching
97;Demon Lord, Retry!;6,6;https://myanimelist.net/anime/38297/Maou-sama_Retry/reviews;https://cdn.myanimelist.net/images/anime/1787/101288.jpg;12;0;True;False;;Comedy
98;Demon Slayer: Kimetsu no Yaiba;8,9;https://myanimelist.net/anime/38000/Kimetsu_no_Yaiba;https://cdn.myanimelist.net/images/anime/1286/99889.jpg;26;26;True;True;;Completed
99;Devilman Crybaby;7,9;https://myanimelist.net/anime/35120/Devilman__Crybaby?q=%20Devilman%20Crybaby%20;https://cdn.myanimelist.net/images/anime/2/89973.jpg;10;10;True;False;;Completed
100;D-Frag!;7,7;https://myanimelist.net/anime/20031/D-Frag?q=%20D-Frag!%20;https://cdn.myanimelist.net/images/anime/2/53407.jpg;12;0;True;False;;Comedy
101;Didn't I Say to Make My Abilities Average in the Next Life?!;7,0;https://myanimelist.net/anime/37393/Watashi_Nouryoku_wa_Heikinchi_de_tte_Itta_yo_ne;https://cdn.myanimelist.net/images/anime/1858/102811.jpg;12;12;True;False;;Completed
102;Do You Like Your Mom? Her Normal Attack is Two Attacks at Full Power;5,7;https://myanimelist.net/anime/38573/Tsuujou_Kougeki_ga_Zentai_Kougeki_de_Ni-kai_Kougeki_no_Okaasan_wa_Suki_Desu_ka;https://cdn.myanimelist.net/images/anime/1225/102250.jpg;12;0;False;False;;Whatever
103;Dokyuu Hentai HxEros;5,6;https://myanimelist.net/anime/40623/;https://cdn.myanimelist.net/images/anime/1619/106323.jpg;12;0;False;False;;Whatever
104;Domestic Girlfriend;7,1;https://myanimelist.net/anime/37982/Domestic_na_Kanojo;https://cdn.myanimelist.net/images/anime/1021/95670.jpg;12;0;True;False;;Whatever
105;Dororo;8,2;https://myanimelist.net/anime/37520/Dororo;https://cdn.myanimelist.net/images/anime/1879/100467.jpg;24;0;False;False;;Hmmm
106;Dr. Stone;8,5;https://myanimelist.net/anime/38691/Dr_Stone;https://cdn.myanimelist.net/images/anime/1613/102576.jpg;24;24;True;False;;Completed
107;Dr. Stone: Stone Wars;0;https://myanimelist.net/anime/40852;https://cdn.myanimelist.net/images/anime/1934/109109.jpg;0;0;False;False;;Not Aired Yet
108;Dragon, Ie wo Kau;0;https://myanimelist.net/anime/40526;https://cdn.myanimelist.net/images/anime/1443/107443.jpg;0;0;False;False;;Not Aired Yet
109;Drifters;8,0;https://myanimelist.net/anime/31339/Drifters;https://cdn.myanimelist.net/images/anime/10/80271.jpg;12;0;True;False;;Intresting
110;Elfen Lied;7,7;https://myanimelist.net/anime/226/Elfen_Lied;https://cdn.myanimelist.net/images/anime/10/6883.jpg;13;0;True;False;;Intresting
111;Endro!;7,0;https://myanimelist.net/anime/38062/Endro;https://cdn.myanimelist.net/images/anime/1475/96180.jpg;12;0;True;False;;Slice of Life
112;ERASED;8,5;https://myanimelist.net/anime/31043/Boku_dake_ga_Inai_Machi;https://cdn.myanimelist.net/images/anime/10/77957.jpg;12;0;True;False;;Hmmm
113;Eromanga Sensei;6,7;https://myanimelist.net/anime/32901/Eromanga-sensei;https://cdn.myanimelist.net/images/anime/2/86468.jpg;12;0;False;False;;Harem
114;Fairy Gone;5,9;https://myanimelist.net/anime/39063/Fairy_Gone?q=%20Fairy%20gone%20;https://cdn.myanimelist.net/images/anime/1562/100460.jpg;12;0;True;False;;Whatever
115;Fate/Apocrypha;7,2;https://myanimelist.net/anime/34662/Fate_Apocrypha;https://cdn.myanimelist.net/images/anime/9/86573.jpg;25;0;True;False;;Intresting
116;Fate/Grand Order Absolute Demonic Front: Babylonia;8,0;https://myanimelist.net/anime/38084/Fate_Grand_Order__Zettai_Majuu_Sensen_Babylonia;https://cdn.myanimelist.net/images/anime/1194/103420.jpg;21;0;True;False;;Intresting
117;Fate/Zero;8,4;https://myanimelist.net/anime/10087/Fate_Zero;https://cdn.myanimelist.net/images/anime/2/73249.jpg;13;0;True;False;;Hmmm
118;Fire Force;7,8;https://myanimelist.net/anime/38671/Enen_no_Shouboutai;https://cdn.myanimelist.net/images/anime/1664/103275.jpg;24;24;True;True;;Completed
119;Flying Witch;7,6;https://myanimelist.net/anime/31376/Flying_Witch?q=%20Flying%20Witch%20;https://cdn.myanimelist.net/images/anime/6/80039.jpg;12;0;True;False;;Slice of Life
120;Food Wars! Shokugeki no Soma;8,4;https://myanimelist.net/anime/28171/Shokugeki_no_Souma?q=%20Food%20Wars!%20Shokugeki%20no%20Soma%20;https://cdn.myanimelist.net/images/anime/3/72943.jpg;24;0;True;False;;Harem
121;From the New World ;8,4;https://myanimelist.net/anime/13125/Shinsekai_yori;https://cdn.myanimelist.net/images/anime/12/36775.jpg;25;0;True;False;;Intresting
122;Fullmetal Alchemist: Brotherhood;9,2;https://myanimelist.net/anime/5114/Fullmetal_Alchemist__Brotherhood?q=%20Fullmetal%20Alchemist%3A%20Brotherhood%20;https://cdn.myanimelist.net/images/anime/1223/96541.jpg;64;64;True;False;;Completed
123;Gabriel DropOut;7,6;https://myanimelist.net/anime/33731/Gabriel_DropOut;https://cdn.myanimelist.net/images/anime/9/82590.jpg;12;0;False;False;???;Intresting
124;Gamers!;7,1;https://myanimelist.net/anime/34280/Gamers;https://cdn.myanimelist.net/images/anime/4/86828.jpg;12;0;True;False;;Comedy
125;Gate;7,8;https://myanimelist.net/anime/28907/Gate__Jieitai_Kanochi_nite_Kaku_Tatakaeri?q=Gate;https://cdn.myanimelist.net/images/anime/8/76222.jpg;12;12;True;False;;Completed
126;Gate II;7,9;https://myanimelist.net/anime/31637/Gate__Jieitai_Kanochi_nite_Kaku_Tatakaeri_2nd_Season;https://cdn.myanimelist.net/images/anime/8/77382.jpg;12;12;True;False;;Completed
127;Girls und Panzer;7,6;https://myanimelist.net/anime/14131/Girls___Panzer;https://cdn.myanimelist.net/images/anime/9/40969.jpg;12;12;True;False;;Completed
128;Gleipnir;7,1;https://myanimelist.net/anime/39463/Gleipnir;https://cdn.myanimelist.net/images/anime/1452/105376.jpg;13;0;False;False;;Intresting
129;Goblin Slayer;7,6;https://myanimelist.net/anime/37349/Goblin_Slayer;https://cdn.myanimelist.net/images/anime/1719/95621.jpg;12;0;True;False;;Top
130;Gosick;8,2;https://myanimelist.net/anime/8425/Gosick?q=Gosick;https://cdn.myanimelist.net/images/anime/11/27906.jpg;24;0;True;False;;Slice of Life
131;Granblue Fantasy The Animation;6,8;https://myanimelist.net/anime/31629/Granblue_Fantasy_The_Animation;https://cdn.myanimelist.net/images/anime/2/81630.jpg;13;0;True;False;;Intresting
132;Grand Blue;8,4;https://myanimelist.net/anime/37105/Grand_Blue;https://cdn.myanimelist.net/images/anime/1302/94882.jpg;12;0;False;False;;Comedy
133;Grimgar of Fantasy and Ash;7,8;https://myanimelist.net/anime/31859/Hai_to_Gensou_no_Grimgar?q=%20Grimgar%20of%20Fantasy%20and%20Ash%20;https://cdn.myanimelist.net/images/anime/13/77976.jpg;12;12;True;True;;Completed
134;Grimoire of Zero;7,2;https://myanimelist.net/anime/34176/Zero_kara_Hajimeru_Mahou_no_Sho?q=%20Grimoire%20of%20Zero%20;https://cdn.myanimelist.net/images/anime/5/85224.jpg;12;12;True;False;;Completed
135;Ground Control to Psychoelectric Girl;7,2;https://myanimelist.net/anime/9379/Denpa_Onna_to_Seishun_Otoko;https://cdn.myanimelist.net/images/anime/9/59497.jpg;12;0;False;False;;Whatever
136;Hachi-nan tte, Sore wa Nai deshou!;6,2;https://myanimelist.net/anime/38830/Hachi-nan_tte_Sore_wa_Nai_deshou?q=%20Hachinan%20tte%2C%20Sore%20wa%20Nai%20Deshou!%20;https://cdn.myanimelist.net/images/anime/1146/106370.jpg;12;0;False;False;;Whatever
137;Haganai: I don't have many friends;7,4;https://myanimelist.net/anime/10719/Boku_wa_Tomodachi_ga_Sukunai;https://cdn.myanimelist.net/images/anime/8/32873.jpg;12;12;True;False;;Completed
138;Hanasaku Iroha ~Blossoms for Tomorrow~;8,0;https://myanimelist.net/anime/9289/Hanasaku_Iroha;https://cdn.myanimelist.net/images/anime/3/28967.jpg;26;0;False;False;In Progress;Watching
139;Handa-kun;7,4;https://myanimelist.net/anime/32648/Handa-kun;https://cdn.myanimelist.net/images/anime/4/80752.jpg;12;0;True;False;;Comedy
140;Harukana Receive;6,8;https://myanimelist.net/anime/35983/Harukana_Receive?q=%20Harukana%20Receive%20;https://cdn.myanimelist.net/images/anime/1924/95212.jpg;12;0;True;False;;Harem
141;Haven't You Heard? I'm Sakamoto;7,7;https://myanimelist.net/anime/32542/Sakamoto_Desu_ga?q=%20Haven%27t%20You%20Heard%3F%20I%27m%20Sakamoto%20;https://cdn.myanimelist.net/images/anime/4/79468.jpg;12;0;True;False;;Comedy
142;Heaven's Lost Property;7,5;https://myanimelist.net/anime/5958/Sora_no_Otoshimono?q=%20Heaven%27s%20Lost%20Property%20;https://cdn.myanimelist.net/images/anime/5/50307.jpg;13;0;True;False;;Harem
143;Hello World;7,9;https://myanimelist.net/anime/38816/Hello_World?q=%20HELLO%20WORLD%20;https://cdn.myanimelist.net/images/anime/1395/102089.jpg;1;0;False;False;???;Movie
144;Hellsing Ultimate;8,5;https://myanimelist.net/anime/777/Hellsing_Ultimate;https://cdn.myanimelist.net/images/anime/6/7333.jpg;10;0;True;False;;Hmmm
145;Hensuki: Are you willing to fall in love with a pervert, as long as she’s a cutie?;6,8;https://myanimelist.net/anime/39326/Kawaikereba_Hentai_demo_Suki_ni_Natte_Kuremasu_ka?q=%20Hensuki%3A%20Are%20you%20willing%20to%20fall%20in%20love%20with%20a%20pervert%2C%20as%20long%20as%20she%E2%80%99s%20a%20cutie%3F%20;https://cdn.myanimelist.net/images/anime/1430/102439.jpg;12;0;True;False;;Harem
146;High School DxD;7,5;https://myanimelist.net/anime/11617/High_School_DxD?q=%20High%20School%20DxD%20;https://cdn.myanimelist.net/images/anime/2/32527.jpg;12;12;True;False;;Completed
147;High School DxD Hero;7,4;https://myanimelist.net/anime/34281/High_School_DxD_Hero?q=%20High%20School%20DxD%20HERO%20;https://cdn.myanimelist.net/images/anime/1189/93528.jpg;12;0;True;False;;Harem
148;Himouto! Umaru-chan;7,3;https://myanimelist.net/anime/28825/Himouto_Umaru-chan;https://cdn.myanimelist.net/images/anime/12/75086.jpg;12;0;True;False;;Comedy
149;Hinamatsuri;8,3;https://myanimelist.net/anime/36296/Hinamatsuri?q=HINAMATSURI;https://cdn.myanimelist.net/images/anime/1580/93526.jpg;12;0;True;False;Comdey;Whatever
150;Honey and Clover ;8,1;https://myanimelist.net/anime/16/Hachimitsu_to_Clover?q=%20Honey%20and%20Clover%20;https://cdn.myanimelist.net/images/anime/11/73923.jpg;24;0;True;False;;Slice of Life
151;How Heavy Are the Dumbbells You Lift?;7,5;https://myanimelist.net/anime/39026/Dumbbell_Nan_Kilo_Moteru?q=%20How%20Heavy%20Are%20the%20Dumbbells%20You%20Lift%3F%20;https://cdn.myanimelist.net/images/anime/1385/101060.jpg;12;4;True;False;;Watching
152;How Not to Summon a Demon Lord;7,2;https://myanimelist.net/anime/37210/Isekai_Maou_to_Shoukan_Shoujo_no_Dorei_Majutsu?q=%20How%20Not%20to%20Summon%20a%20Demon%20Lord%20;https://cdn.myanimelist.net/images/anime/1649/93412.jpg;12;12;True;True;;Completed
153;How to Keep a Mummy;7,5;https://myanimelist.net/anime/35828/Miira_no_Kaikata;https://cdn.myanimelist.net/images/anime/1486/93811.jpg;12;0;False;False;;Comedy
154;Hozuki's Coolheadedness ;7,8;https://myanimelist.net/anime/20431/Hoozuki_no_Reitetsu?q=%20Hozuki%27s%20Coolheadedness%20;https://cdn.myanimelist.net/images/anime/7/87177.jpg;13;0;False;False;;Comedy
155;Humanity Has Declined ;7,8;https://myanimelist.net/anime/10357/Jinrui_wa_Suitai_Shimashita?q=%20Humanity%20Has%20Declined%20;https://cdn.myanimelist.net/images/anime/4/45704.jpg;12;0;False;False;;Comedy
156;Hunter x Hunter (2011);9,1;https://myanimelist.net/anime/11061/Hunter_x_Hunter_2011;https://cdn.myanimelist.net/images/anime/11/33657.jpg;148;0;True;False;;Hmmm
157;Hybrid x Heart Magias Academy Ataraxia;6,3;https://myanimelist.net/anime/31845/Masou_Gakuen_HxH?q=%20Hybrid%20x%20Heart%20Magias%20Academy%20Ataraxia%20;https://cdn.myanimelist.net/images/anime/7/80262.jpg;12;0;False;False;???;Harem
158;Hyouka;8,2;https://myanimelist.net/anime/12189/Hyouka?q=%20Hyouka%20;https://cdn.myanimelist.net/images/anime/13/50521.jpg;22;0;True;False;;Slice of Life
159;I Couldn’t Become a Hero, So I Reluctantly Decided to Get a Job;7,0;https://myanimelist.net/anime/18677/Yuusha_ni_Narenakatta_Ore_wa_Shibushibu_Shuushoku_wo_Ketsui_Shimashita?q=%20I%20Couldn%E2%80%99t%20Become%20a%20Hero%2C%20So%20I%20Reluctantly%20Decided%20to%20Get%20a%20Job.%20;https://cdn.myanimelist.net/images/anime/13/54389.jpg;12;12;False;False;;Completed
160;Id:Invaded;8,0;https://myanimelist.net/anime/40046/Id_Invaded?q=%20ID%3A%20INVADED%20;https://cdn.myanimelist.net/images/anime/1954/104672.jpg;13;0;True;False;;Intresting
161;If It's for My Daughter, I'd Even Defeat a Demon Lord ;7,1;https://myanimelist.net/anime/39324/Uchi_no_Ko_no_Tame_naraba_Ore_wa_Moshikashitara_Maou_mo_Taoseru_kamo_Shirenai;https://cdn.myanimelist.net/images/anime/1568/101203.jpg;12;12;True;False;;Completed
162;Ijiranaide, Nagatoro-san;0;https://myanimelist.net/anime/42361;https://cdn.myanimelist.net/images/anime/1226/108348.jpg;0;0;False;False;;Not Aired Yet
163;I'm standing on 1,000,000 lives;0;https://myanimelist.net/anime/41380/100-man_no_Inochi_no_Ue_ni_Ore_wa_Tatteiru;https://cdn.myanimelist.net/images/anime/1935/106283.jpg;0;0;False;False;;Not Aired Yet
164;In Another World With My Smartphone;6,5;https://myanimelist.net/anime/35203/Isekai_wa_Smartphone_to_Tomo_ni?q=%20In%20Another%20World%20With%20My%20Smartphone%20;https://cdn.myanimelist.net/images/anime/7/86794.jpg;12;0;True;False;;Comedy
165;In/Spectre;7,2;https://myanimelist.net/anime/39017/Kyokou_Suiri?q=%20In%2FSpectre%20;https://cdn.myanimelist.net/images/anime/1517/104785.jpg;12;0;True;False;;Intresting
166;Infinite Dendrogram;6,1;https://myanimelist.net/anime/38909/Infinite_Dendrogram?q=%20Infinite%20Dendrogram%20;https://cdn.myanimelist.net/images/anime/1715/104281.jpg;13;0;False;False;Novel???;Whatever
167;Interspecies Reviewers;7,8;https://myanimelist.net/anime/40010/Ishuzoku_Reviewers?q=%20Interspecies%20Reviewers%20;https://cdn.myanimelist.net/images/anime/1877/104025.jpg;12;0;False;False;;Harem
168;Interviews with Monster Girls;7,7;https://myanimelist.net/anime/33988/Demi-chan_wa_Kataritai?q=%20Interviews%20with%20Monster%20Girls%20;https://cdn.myanimelist.net/images/anime/8/83417.jpg;12;0;True;True;;Comedy
169;InuYasha;7,9;https://myanimelist.net/anime/249/InuYasha_TV?q=%20InuYasha%20;https://cdn.myanimelist.net/images/anime/1589/95329.jpg;167;0;True;False;;Movie
170;Iroduku: The World in Colors;7,6;https://myanimelist.net/anime/37497/Irozuku_Sekai_no_Ashita_kara?q=%20IRODUKU%3A%20The%20World%20in%20Colors%20;https://cdn.myanimelist.net/images/anime/1424/93855.jpg;13;0;False;False;;Intresting
171;Is It Wrong to Try to Pick Up Girls in a Dungeon? ;7,8;https://myanimelist.net/anime/28121/Dungeon_ni_Deai_wo_Motomeru_no_wa_Machigatteiru_Darou_ka;https://cdn.myanimelist.net/images/anime/2/70187.jpg;13;13;True;False;;Completed
172;Is It Wrong to Try to Pick Up Girls in a Dungeon? II ;7,3;https://myanimelist.net/anime/37347/Dungeon_ni_Deai_wo_Motomeru_no_wa_Machigatteiru_Darou_ka_II;https://cdn.myanimelist.net/images/anime/1730/101329.jpg;12;0;True;False;;Top
173;Is the Order a Rabbit?;7,6;https://myanimelist.net/anime/21273/Gochuumon_wa_Usagi_Desu_ka;https://cdn.myanimelist.net/images/anime/6/79600.jpg;12;0;False;False;;Slice of Life
174;Is this a Zombie?;7,5;https://myanimelist.net/anime/8841/Kore_wa_Zombie_Desu_ka?q=%20Is%20this%20a%20Zombie%3F%20;https://cdn.myanimelist.net/images/anime/13/75521.jpg;12;12;True;False;;Completed
175;Isekai Cheat Magician;5,5;https://myanimelist.net/anime/37744/Isekai_Cheat_Magician;https://cdn.myanimelist.net/images/anime/1282/102248.jpg;12;0;True;False;;Whatever
176;Iwa Kakeru!: Sport Climbing Girls;0;https://myanimelist.net/anime/41783/Iwa_Kakeru__Sport_Climbing_Girls?q=climbing;https://cdn.myanimelist.net/images/anime/1110/107213.jpg;0;0;False;False;;Not Aired Yet
177;Kabaneri Of The Iron Fortress;7,3;https://myanimelist.net/anime/28623/Koutetsujou_no_Kabaneri;https://cdn.myanimelist.net/images/anime/12/79164.jpg;12;0;True;False;;Intresting
178;Kaguya-sama: Love is War;8,4;https://myanimelist.net/anime/37999/Kaguya-sama_wa_Kokurasetai__Tensai-tachi_no_Renai_Zunousen?q=%20Kaguya-sama%3A%20Love%20is%20War%20;https://cdn.myanimelist.net/images/anime/1291/97023.jpg;12;0;False;False;;Comedy
179;Kaifuku Jutsushi no Yarinaoshi;0;https://myanimelist.net/anime/40750/Kaifuku_Jutsushi_no_Yarinaoshi?q=%20Kaifuku%20Jutsushi%20no%20Yarinaoshi%20;https://cdn.myanimelist.net/images/anime/1632/108032.jpg;0;0;False;False;;Not Aired Yet
180;Kakegurui;7,5;https://myanimelist.net/anime/34933/Kakegurui?q=%20Kakegurui%20;https://cdn.myanimelist.net/images/anime/3/86578.jpg;12;0;True;False;;Whatever
181;Kakuriyo - Bed & Breakfast for Spirits;7,6;https://myanimelist.net/anime/36754/Kakuriyo_no_Yadomeshi?q=kakur;https://cdn.myanimelist.net/images/anime/1035/95056.jpg;26;0;True;False;;Slice of Life
182;Kakushigoto (TV);8,1;https://myanimelist.net/anime/40716/Kakushigoto_TV;https://cdn.myanimelist.net/images/anime/1476/106372.jpg;12;0;False;False;;Slice of Life
183;Kämpfer;6,6;https://myanimelist.net/anime/6205/K%C3%A4mpfer;https://cdn.myanimelist.net/images/anime/5/35423.jpg;12;0;True;False;???;Harem
184;Kannagi: Crazy Shrine Maidens;7,4;https://myanimelist.net/anime/3958/Kannagi;https://cdn.myanimelist.net/images/anime/3/19724.jpg;13;0;False;False;;Comedy
185;Kaze no Stigma;7,4;https://myanimelist.net/anime/1691/Kaze_no_Stigma?q=%20Kaze%20no%20Stigma%20;https://cdn.myanimelist.net/images/anime/12/23136.jpg;24;24;True;False;;Completed
186;Keijo!!!!!!!!;7,2;https://myanimelist.net/anime/32686/Keijo?q=%20Keijo!!!!!!!!%20;https://cdn.myanimelist.net/images/anime/10/81906.jpg;12;0;True;False;;Harem
187;Kemono Michi: Rise Up;6,9;https://myanimelist.net/anime/39030/Hataage_Kemono_Michi?q=%20Kemono%20Michi%3A%20Rise%20Up%20;https://cdn.myanimelist.net/images/anime/1736/103512.jpg;12;12;True;False;;Completed
188;Kemurikusa (TV);7,2;https://myanimelist.net/anime/37302/Kemurikusa_TV;https://cdn.myanimelist.net/images/anime/1254/100472.jpg;12;0;False;False;;Intresting
189;Kill la Kill;8,2;https://myanimelist.net/anime/18679/Kill_la_Kill;https://cdn.myanimelist.net/images/anime/8/75514.jpg;24;0;True;False;;Hmmm
190;Kimi wa Kanata;0;https://myanimelist.net/anime/41379/Kimi_wa_Kanata;https://cdn.myanimelist.net/images/anime/1415/108509.jpg;0;0;False;False;;Not Aired Yet
191;Kino's Journey - the Beautiful World - the Animated Series ;7,6;https://myanimelist.net/anime/35079/Kino_no_Tabi__The_Beautiful_World_-_The_Animated_Series?q=https%3A%2F%2Fanilist.co%2Fanime%2F98448%2FKinos-Journey-the-Beautiful-World-the-Animated-Series%2F;https://cdn.myanimelist.net/images/anime/13/87235.jpg;12;0;True;False;;Slice of Life
192;Kiznaiver;7,5;https://myanimelist.net/anime/31798/Kiznaiver;https://cdn.myanimelist.net/images/anime/6/78466.jpg;12;0;True;False;;Hmmm
193;Knight's & Magic;7,2;https://myanimelist.net/anime/34104/Knights___Magic?q=%20Knight%27s%20%26%20Magic%20;https://cdn.myanimelist.net/images/anime/1472/93813.jpg;13;13;True;False;;Completed
194;Kobayashi-san Chi no Maid Dragon S;0;https://myanimelist.net/anime/39247;https://cdn.myanimelist.net/images/anime/1777/108817.jpg;0;0;False;False;;Not Aired Yet
195;Kokoro Connect;7,9;https://myanimelist.net/anime/11887/Kokoro_Connect?q=%20Kokoro%20Connect%20;https://cdn.myanimelist.net/images/anime/2/39665.jpg;13;0;True;False;;Comedy
196;K-ON!;7,9;https://myanimelist.net/anime/5680/K-On?q=%20K-ON!%20;https://cdn.myanimelist.net/images/anime/10/76120.jpg;13;0;True;False;;Comedy
197;Konohana Kitan;7,6;https://myanimelist.net/anime/35241/Konohana_Kitan?q=%20KONOHANA%20KITAN%20;https://cdn.myanimelist.net/images/anime/3/88431.jpg;12;0;True;False;;Slice of Life
198;KONOSUBA - God's blessing on this wonderful world!;8,2;https://myanimelist.net/anime/30831/Kono_Subarashii_Sekai_ni_Shukufuku_wo?q=%20KONOSUBA%20-God%27s%20blessing%20on%20this%20wonderful%20world!%20;https://cdn.myanimelist.net/images/anime/8/77831.jpg;10;10;True;False;;Completed
199;KONOSUBA - God's blessing on this wonderful world! 2;8,3;https://myanimelist.net/anime/32937/Kono_Subarashii_Sekai_ni_Shukufuku_wo_2;https://cdn.myanimelist.net/images/anime/2/83188.jpg;10;10;False;False;;Completed
200;Kuma Kuma Kuma Bear;0;https://myanimelist.net/anime/40974/Kuma_Kuma_Kuma_Bear;https://cdn.myanimelist.net/images/anime/1398/105275.jpg;0;0;False;True;;Not Aired Yet
201;Laid-Back Camp;8,3;https://myanimelist.net/anime/34798/Yuru_Camp%E2%96%B3;https://cdn.myanimelist.net/images/anime/4/89877.jpg;12;8;False;False;;Watching
202;Land of the Lustrous;8,4;https://myanimelist.net/anime/35557/Houseki_no_Kuni_TV;https://cdn.myanimelist.net/images/anime/3/88293.jpg;12;0;True;False;;Hmmm
203;Little Witch Academia;7,9;https://myanimelist.net/anime/14349/Little_Witch_Academia?q=%20Little%20Witch%20Academia%20;https://cdn.myanimelist.net/images/anime/2/42989.jpg;1;0;True;False;;Movie
204;Little Witch Academia (TV);8,0;https://myanimelist.net/anime/33489/Little_Witch_Academia_TV;https://cdn.myanimelist.net/images/anime/13/83934.jpg;25;25;True;False;;Completed
205;Log Horizon;8,1;https://myanimelist.net/anime/17265/Log_Horizon?q=%20Log%20Horizon%20;https://cdn.myanimelist.net/images/anime/5/84004.jpg;25;25;True;False;;Completed
206;Log Horizon 2;7,7;https://myanimelist.net/anime/23321/Log_Horizon_2nd_Season?q=%20Log%20Horizon%202%20;https://cdn.myanimelist.net/images/anime/5/68097.jpg;25;25;True;False;;Completed
207;Log Horizon: Entaku Houkai;0;https://myanimelist.net/anime/41109/Log_Horizon__Entaku_Houkai;https://s4.anilist.co/file/anilistcdn/media/anime/cover/large/bx114862-DTRU67Z1gJ9N.jpg;12;0;False;False;;Not Aired Yet
208;Love Lab;7,4;https://myanimelist.net/anime/16353/Love_Lab;https://cdn.myanimelist.net/images/anime/12/50257.jpg;13;0;False;False;;Comedy
209;Love Live! School Idol Project;7,5;https://myanimelist.net/anime/15051/Love_Live_School_Idol_Project?q=%20Love%20Live!%20School%20Idol%20Project%20;https://cdn.myanimelist.net/images/anime/11/56849.jpg;13;0;True;False;;Comedy
210;Love Tyrant;6,8;https://myanimelist.net/anime/32262/Renai_Boukun?q=%20Love%20Tyrant%20;https://cdn.myanimelist.net/images/anime/9/84266.jpg;12;0;True;False;;Whatever
211;Love, Chunibyo & Other Delusions;7,8;https://myanimelist.net/anime/14741/Chuunibyou_demo_Koi_ga_Shitai?q=%20Love%2C%20Chunibyo%20%26%20Other%20Delusions%20;https://cdn.myanimelist.net/images/anime/12/46931.jpg;12;12;True;False;;Completed
212;Lovely Complex;8,1;https://myanimelist.net/anime/2034/Lovely%E2%98%85Complex?q=%20Lovely%20Complex%20;https://cdn.myanimelist.net/images/anime/11/75563.jpg;24;0;False;False;;Comedy
213;Made in Abyss;8,8;https://myanimelist.net/anime/34599/Made_in_Abyss;https://cdn.myanimelist.net/images/anime/6/86733.jpg;13;13;True;True;;Completed
214;Made in Abyss Movie 3: Fukaki Tamashii no Reimei;8,6;https://myanimelist.net/anime/36862/Made_in_Abyss_Movie_3__Fukaki_Tamashii_no_Reimei;https://cdn.myanimelist.net/images/anime/1175/101926.jpg;1;1;True;False;;Completed
215;Magi: The Labyrinth of Magic;8,2;https://myanimelist.net/anime/14513/Magi__The_Labyrinth_of_Magic;https://cdn.myanimelist.net/images/anime/11/42773.jpg;25;0;True;False;;Intresting
216;Mahou Shoujo Madoka★Magica;8,4;https://myanimelist.net/anime/9756/Mahou_Shoujo_Madoka%E2%98%85Magica;https://cdn.myanimelist.net/images/anime/11/55225.jpg;12;0;True;False;;Hmmm
217;Maid-Sama!;8,2;https://myanimelist.net/anime/7054/Kaichou_wa_Maid-sama?q=%20Maid-Sama!%20;https://cdn.myanimelist.net/images/anime/6/25254.jpg;26;26;True;False;;Completed
218;Majikoi: Oh! Samurai Girls;6,9;https://myanimelist.net/anime/10213/Maji_de_Watashi_ni_Koi_Shinasai?q=%20Majikoi%3A%20Oh!%20Samurai%20Girls%20;https://cdn.myanimelist.net/images/anime/4/32541.jpg;12;12;True;False;;Completed
219;Majo no Tabitabi;0;https://myanimelist.net/anime/40571/Majo_no_Tabitabi?q=%20Majo%20no%20Tabitabi%20;https://s4.anilist.co/file/anilistcdn/media/anime/cover/large/bx112609-G3NYkq8cePQi.jpg;0;0;False;False;;Not Aired Yet
220;Maken-Ki!;6,5;https://myanimelist.net/anime/9936/Maken-Ki?q=%20Maken-Ki!%20Battling%20Venus%20;https://cdn.myanimelist.net/images/anime/2/75234.jpg;12;12;True;False;;Completed
221;Maoyu: Archenemy & Hero;7,4;https://myanimelist.net/anime/14833/Maoyuu_Maou_Yuusha;https://cdn.myanimelist.net/images/anime/4/46041.jpg;12;0;False;False;;Hmmm
222;March Comes in Like a Lion;8,4;https://myanimelist.net/anime/31646/3-gatsu_no_Lion;https://cdn.myanimelist.net/images/anime/3/82899.jpg;22;3;True;False;;Watching
223;Maria the Virgin Witch ;7,2;https://myanimelist.net/anime/26441/Junketsu_no_Maria;https://cdn.myanimelist.net/images/anime/7/69301.jpg;12;0;True;False;;Comedy
224;Mars Red;0;https://myanimelist.net/anime/41265/Mars_Red?q=mars%20red;https://cdn.myanimelist.net/images/anime/1920/108371.jpg;0;0;False;False;;Not Aired Yet
225;Masamune-kun's Revenge;7,0;https://myanimelist.net/anime/33487/Masamune-kun_no_Revenge?q=%20Masamune-kun%27s%20Revenge%20;https://cdn.myanimelist.net/images/anime/12/83709.jpg;12;0;True;False;???;Comedy
226;Megaloblox;8,0;https://myanimelist.net/anime/36563/Megalo_Box?q=megalo;https://cdn.myanimelist.net/images/anime/1958/93533.jpg;13;0;True;False;;Intresting
227;Mirai;7,4;https://myanimelist.net/anime/36936/Mirai_no_Mirai;https://cdn.myanimelist.net/images/anime/1042/95674.jpg;1;0;True;False;;Movie
228;Miss Caretaker of Sunohara-sou;7,0;https://myanimelist.net/anime/36817/Sunohara-sou_no_Kanrinin-san;https://cdn.myanimelist.net/images/anime/1368/95074.jpg;12;0;True;False;;Comedy
229;Miss Kobayashi's Dragon Maid;8,1;https://myanimelist.net/anime/33206/Kobayashi-san_Chi_no_Maid_Dragon?q=%20Miss%20Kobayashi%27s%20Dragon%20Maid%20;https://cdn.myanimelist.net/images/anime/5/85434.jpg;13;13;True;False;;Completed
230;Monster Musume Everyday Life With Monster Girls;7,2;https://myanimelist.net/anime/30307/Monster_Musume_no_Iru_Nichijou?q=%20Monster%20Musume%20Everyday%20Life%20With%20Monster%20Girls%20;https://cdn.myanimelist.net/images/anime/9/75104.jpg;12;12;True;False;;Completed
231;Monthly Girls' Nozaki-kun;8,1;https://myanimelist.net/anime/23289/Gekkan_Shoujo_Nozaki-kun?q=%20Monthly%20Girls%27%20Nozaki-kun%20;https://cdn.myanimelist.net/images/anime/5/66083.jpg;12;12;True;False;;Completed
232;Mother of the Goddess' Dormitory;0;https://myanimelist.net/anime/41812/Megami-ryou_no_Ryoubo-kun;https://cdn.myanimelist.net/images/anime/1266/107718.jpg;0;0;False;False;;Not Aired Yet
233;Ms. vampire who lives in my neighborhood;7,2;https://myanimelist.net/anime/37579/Tonari_no_Kyuuketsuki-san;https://cdn.myanimelist.net/images/anime/1851/96154.jpg;12;0;False;False;;Comedy
234;Mushi-Shi;8,7;https://myanimelist.net/anime/457/Mushishi?q=%20MUSHI-SHI%20;https://cdn.myanimelist.net/images/anime/2/73862.jpg;26;0;True;False;;Slice of Life
235;Mushoku Tensei: Isekai Ittara Honki Dasu;0;https://myanimelist.net/anime/39535/Mushoku_Tensei__Isekai_Ittara_Honki_Dasu?q=%20Mushoku%20Tensei%3A%20Isekai%20Ittara%20Honki%20Dasu%20;https://cdn.myanimelist.net/images/anime/1685/103586.jpg;0;0;False;False;;Not Aired Yet
236;My Bride is a Mermaid;7,8;https://myanimelist.net/anime/2104/Seto_no_Hanayome?q=%20My%20Bride%20is%20a%20Mermaid%20;https://cdn.myanimelist.net/images/anime/13/58383.jpg;26;0;True;False;;Comedy
237;My First Girlfriend is a Gal;6,4;https://myanimelist.net/anime/34403/Hajimete_no_Gal?q=%20My%20First%20Girlfriend%20is%20a%20Gal%20;https://cdn.myanimelist.net/images/anime/9/86826.jpg;10;0;True;False;;Harem
238;My Girlfriend is Shobitch;6,4;https://myanimelist.net/anime/35712/Boku_no_Kanojo_ga_Majimesugiru_Sho-bitch_na_Ken?q=%20My%20Girlfriend%20is%20Shobitch%20;https://cdn.myanimelist.net/images/anime/12/87623.jpg;10;0;True;False;;Harem
239;My Hero Academia;8,3;https://myanimelist.net/anime/31964/Boku_no_Hero_Academia?q=%20My%20Hero%20Academia%20;https://cdn.myanimelist.net/images/anime/10/78745.jpg;13;13;True;False;;Completed
240;My Love Story!!;8,0;https://myanimelist.net/anime/28297/Ore_Monogatari?q=%20My%20Love%20Story!!%20;https://cdn.myanimelist.net/images/anime/13/69455.jpg;24;0;True;False;;Comedy
241;My Mental Choices Are Completely Interfering With My School Romantic Comedy;7,4;https://myanimelist.net/anime/19221/Ore_no_Nounai_Sentakushi_ga_Gakuen_Love_Comedy_wo_Zenryoku_de_Jama_Shiteiru;https://cdn.myanimelist.net/images/anime/10/53235.jpg;10;0;False;False;???;Comedy
242;My Next Life as a Villainess: All Routes Lead to Doom!;7,5;https://myanimelist.net/anime/38555/Otome_Game_no_Hametsu_Flag_shika_Nai_Akuyaku_Reijou_ni_Tensei_shiteshimatta?q=otome%20game;https://cdn.myanimelist.net/images/anime/1483/107061.jpg;12;0;False;False;;Intresting
243;My Roommate is a Cat;7,9;https://myanimelist.net/anime/38145/Doukyonin_wa_Hiza_Tokidoki_Atama_no_Ue?q=%20My%20Roommate%20is%20a%20Cat;https://cdn.myanimelist.net/images/anime/1251/99191.jpg;12;0;True;False;;Comedy
244;My Senpai is Annoying ;0;https://myanimelist.net/anime/42351/Senpai_ga_Uzai_Kouhai_no_Hanashi;https://cdn.myanimelist.net/s/common/uploaded_files/1593601527-b924b694d8fe558ac1991602a6e07eda.jpeg;0;0;False;False;;Not Aired Yet
245;My Teen Romantic Comedy SNAFU;8,1;https://myanimelist.net/anime/14813/Yahari_Ore_no_Seishun_Love_Comedy_wa_Machigatteiru?q=%20My%20Teen%20Romantic%20Comedy%20SNAFU%20;https://cdn.myanimelist.net/images/anime/11/49459.jpg;13;13;True;False;;Completed
246;My Teen Romantic Comedy SNAFU TOO!;8,3;https://myanimelist.net/anime/23847/Yahari_Ore_no_Seishun_Love_Comedy_wa_Machigatteiru_Zoku;https://cdn.myanimelist.net/images/anime/11/75376.jpg;13;13;True;False;;Completed
247;Myriad Colors Phantom World;7,0;https://myanimelist.net/anime/31442/Musaigen_no_Phantom_World?q=%20Myriad%20Colors%20Phantom%20World%20;https://cdn.myanimelist.net/images/anime/4/78339.jpg;13;13;True;False;;Completed
248;Nanana's Buried Treasure;7,3;https://myanimelist.net/anime/21561/Ryuugajou_Nanana_no_Maizoukin_TV?q=%20Nanana%27s%20Buried%20Treasure%20;https://cdn.myanimelist.net/images/anime/3/60475.jpg;11;11;False;False;;Completed
249;Napping Princess;7,0;https://myanimelist.net/anime/33204/Hirune_Hime__Shiranai_Watashi_no_Monogatari;https://cdn.myanimelist.net/images/anime/7/84071.jpg;1;0;True;False;??;Movie
250;Naruto;7,9;https://myanimelist.net/anime/20/Naruto?q=%20Naruto%20;https://cdn.myanimelist.net/images/anime/13/17405.jpg;220;220;True;False;;Completed
251;Naruto: Shippuuden;8,2;https://myanimelist.net/anime/1735/Naruto__Shippuuden;https://cdn.myanimelist.net/images/anime/5/17407.jpg;500;500;True;False;;Completed
252;Natsume's Book of Friends ;8,4;https://myanimelist.net/anime/4081/Natsume_Yuujinchou?q=%20Natsume%27s%20Book%20of%20Friends%20;https://cdn.myanimelist.net/images/anime/7/28859.jpg;13;0;False;False;;Slice of Life
253;Nekopara;6,9;https://myanimelist.net/anime/38924/Nekopara;https://cdn.myanimelist.net/images/anime/1716/104880.jpg;12;0;True;False;;Whatever
254;Neon Genesis Evangelion;8,3;https://myanimelist.net/anime/30/Neon_Genesis_Evangelion;https://cdn.myanimelist.net/images/anime/12/21418.jpg;26;0;True;False;;Hmmm
255;New Game!;7,7;https://myanimelist.net/anime/31953/New_Game?q=%20New%20Game!%20;https://cdn.myanimelist.net/images/anime/9/80417.jpg;12;12;True;False;;Completed
256;New Game!!;7,8;https://myanimelist.net/anime/34914/New_Game;https://cdn.myanimelist.net/images/anime/4/86790.jpg;12;12;True;False;;Completed
257;Nisekoi;7,7;https://myanimelist.net/anime/18897/Nisekoi?q=%20Nisekoi%20;https://cdn.myanimelist.net/images/anime/13/75587.jpg;20;20;False;False;;Completed
258;No Game No Life: Zero;8,5;https://myanimelist.net/anime/33674/No_Game_No_Life__Zero;https://cdn.myanimelist.net/images/anime/1085/90759.jpg;1;0;True;False;;Movie
259;No Game, No Life;8,3;https://myanimelist.net/anime/19815/No_Game_No_Life?q=%20No%20Game%2C%20No%20Life%20;https://cdn.myanimelist.net/images/anime/5/65187.jpg;12;12;True;False;;Completed
260;Noblesse;0;https://myanimelist.net/anime/41345;https://cdn.myanimelist.net/images/anime/1798/109141.jpg;0;0;False;False;;Not Aired Yet
261;Non Non Biyori;8,0;https://myanimelist.net/anime/17549/Non_Non_Biyori?q=%20Non%20Non%20Biyori%20;https://cdn.myanimelist.net/images/anime/2/51581.jpg;12;0;False;False;;Slice of Life
262;Noragami;8,1;https://myanimelist.net/anime/20507/Noragami?q=%20Noragami%20;https://cdn.myanimelist.net/images/anime/9/77809.jpg;12;12;True;False;;Completed
263;Noragami Aragoto;8,3;https://myanimelist.net/anime/30503/Noragami_Aragoto;https://cdn.myanimelist.net/images/anime/1689/94850.jpg;13;13;True;False;;Completed
264;Nyan Koi! ;7,3;https://myanimelist.net/anime/6512/Nyan_Koi;https://cdn.myanimelist.net/images/anime/10/18299.jpg;12;0;True;False;;Comedy
265;O Maidens in Your Savage Season;7,7;https://myanimelist.net/anime/38753/Araburu_Kisetsu_no_Otome-domo_yo?q=%20O%20Maidens%20in%20Your%20Savage%20Season%20;https://cdn.myanimelist.net/images/anime/1256/101166.jpg;12;0;True;False;;Comedy
266;Okami-San and Her Seven Companions;7,3;https://myanimelist.net/anime/7769/Ookami-san_to_Shichinin_no_Nakama-tachi;https://cdn.myanimelist.net/images/anime/9/75240.jpg;12;0;True;False;;Comedy
267;OniAi;6,6;https://myanimelist.net/anime/14199/Oniichan_dakedo_Ai_sae_Areba_Kankeinai_yo_ne?q=OniAi;https://cdn.myanimelist.net/images/anime/6/42111.jpg;12;12;False;False;;Completed
268;Orange;7,7;https://myanimelist.net/anime/32729/Orange?q=Orange;https://cdn.myanimelist.net/images/anime/4/80110.jpg;13;0;True;False;;Comedy
269;OreImo;7,2;https://myanimelist.net/anime/8769/Ore_no_Imouto_ga_Konnani_Kawaii_Wake_ga_Nai?q=%20Oreimo%20;https://cdn.myanimelist.net/images/anime/8/24875.jpg;12;12;False;False;;Completed
270;Oreshura;7,2;https://myanimelist.net/anime/14749/Ore_no_Kanojo_to_Osananajimi_ga_Shuraba_Sugiru?q=Oreshura;https://cdn.myanimelist.net/images/anime/13/44187.jpg;13;13;False;False;;Completed
271;Oresuki: Are you the only one who loves me? ;7,6;https://myanimelist.net/anime/38483/Ore_wo_Suki_nano_wa_Omae_dake_ka_yo;https://cdn.myanimelist.net/images/anime/1348/102797.jpg;12;0;False;False;;Comedy
272;Otherside Picnic ;0;https://myanimelist.net/anime/41392;https://cdn.myanimelist.net/images/anime/1655/106320.jpg;0;0;False;False;;Not Aired Yet
273;Our Last Crusade or the Rise of a New World;0;https://myanimelist.net/anime/40595;https://cdn.myanimelist.net/images/anime/1100/109044.jpg;0;0;False;False;;Not Aired Yet
274;Outbreak Company;7,4;https://myanimelist.net/anime/19369/Outbreak_Company?q=%20Outbreak%20Company%20;https://cdn.myanimelist.net/images/anime/7/54343.jpg;12;12;True;False;;Completed
275;Overlord;8,0;https://myanimelist.net/anime/29803/Overlord?q=%20Overlord;https://cdn.myanimelist.net/images/anime/7/88019.jpg;13;13;True;False;;Completed
276;Overlord II;7,9;https://myanimelist.net/anime/35073/Overlord_II;https://cdn.myanimelist.net/images/anime/12/89562.jpg;13;13;True;False;;Completed
277;Overlord III;8,1;https://myanimelist.net/anime/37675/Overlord_III;https://cdn.myanimelist.net/images/anime/1511/93473.jpg;13;13;True;True;;Completed
278;Pandora Hearts;7,8;https://myanimelist.net/anime/5530/Pandora_Hearts;https://cdn.myanimelist.net/images/anime/4/75535.jpg;25;0;False;False;;Intresting
279;Patema Inverted ;8,1;https://myanimelist.net/anime/12477/Sakasama_no_Patema?q=%20Patema%20Inverted%20;https://cdn.myanimelist.net/images/anime/12/52415.jpg;1;0;True;False;;Movie
280;Peach Boy Riverside;0;https://myanimelist.net/anime/42627;https://cdn.myanimelist.net/images/anime/1649/108782.jpg;0;0;False;False;;Not Aired Yet
281;Peter Grill and the Philosopher's Time;0;https://myanimelist.net/anime/40436/;https://cdn.myanimelist.net/images/anime/1076/106693.jpg;0;0;False;False;;Not Aired Yet
282;Plastic Memories ;8,0;https://myanimelist.net/anime/27775/Plastic_Memories?q=%20Plastic%20Memories%20;https://cdn.myanimelist.net/images/anime/4/72750.jpg;13;0;False;False;;Slice of Life
283;Plunderer;6,5;https://myanimelist.net/anime/37345/Plunderer?q=%20Plunderer%20;https://cdn.myanimelist.net/images/anime/1534/104784.jpg;24;0;False;False;;Whatever
284;Princess Connect! Re:Dive;7,1;https://myanimelist.net/anime/39292/Princess_Connect_Re_Dive;https://cdn.myanimelist.net/images/anime/1810/106070.jpg;13;0;False;False;;Intresting
285;Princess Mononoke;8,8;https://myanimelist.net/anime/164/Mononoke_Hime;https://cdn.myanimelist.net/images/anime/7/75919.jpg;1;0;True;False;;Movie
286;Princess Principal;7,7;https://myanimelist.net/anime/35240/Princess_Principal;https://cdn.myanimelist.net/images/anime/7/86768.jpg;12;0;True;False;;Intresting
287;Prison School;7,8;https://myanimelist.net/anime/30240/Prison_School?q=%20Prison%20School%20;https://cdn.myanimelist.net/images/anime/10/74231.jpg;12;0;True;False;;Harem
288;Problem Children Are Coming From Another World, Aren't They?;7,7;https://myanimelist.net/anime/15315/Mondaiji-tachi_ga_Isekai_kara_Kuru_Sou_Desu_yo?q=%20Problem%20Children%20Are%20Coming%20From%20Another%20World%2C%20Aren%27t%20They%3F%20;https://cdn.myanimelist.net/images/anime/12/43369.jpg;10;10;True;False;;Completed
289;Promare;8,4;https://myanimelist.net/anime/35848/Promare;https://cdn.myanimelist.net/images/anime/1008/101845.jpg;1;0;False;False;;Movie
290;Psycho-Pass;8,4;https://myanimelist.net/anime/13601/Psycho-Pass;https://cdn.myanimelist.net/images/anime/5/43399.jpg;22;0;True;False;;Hmmm
291;Radiant 2nd Season;7,7;https://myanimelist.net/anime/39355/Radiant_2nd_Season;https://cdn.myanimelist.net/images/anime/1391/102816.jpg;12;0;False;False;;Whatever
292;Rainbow Days;7,4;https://myanimelist.net/anime/31414/Nijiiro_Days;https://cdn.myanimelist.net/images/anime/8/76691.jpg;24;0;True;False;???;Comedy
293;Rascal Does Not Dream of Bunny Girl Senpai;8,4;https://myanimelist.net/anime/37450/Seishun_Buta_Yarou_wa_Bunny_Girl_Senpai_no_Yume_wo_Minai?q=%20Rascal%20Does%20Not%20Dream%20of%20Bunny%20Girl%20Senpai%20;https://cdn.myanimelist.net/images/anime/1301/93586.jpg;13;0;False;False;;Comedy
294;Re:Construction the Elfrieden Kingdom Tales of Realistic Brave ;0;https://myanimelist.net/anime/41710/Genjitsu_Shugi_Yuusha_no_Oukoku_Saikenki?q=genjits;https://cdn.myanimelist.net/images/anime/1591/107076.jpg;0;0;False;False;;Not Aired Yet
295;Re:Zero kara Hajimeru Isekai Seikatsu 2;8,6;https://myanimelist.net/anime/39587/Re_Zero_kara_Hajimeru_Isekai_Seikatsu_2nd_Season;https://cdn.myanimelist.net/images/anime/1444/108005.jpg;13;13;True;True;;Completed
296;Recovery of an MMO Junkie;7,7;https://myanimelist.net/anime/36038/Net-juu_no_Susume?q=%20Recovery%20of%20an%20MMO%20Junkie%20;https://cdn.myanimelist.net/images/anime/3/87463.jpg;10;10;True;True;;Completed
297;ReLIFE;8,1;https://myanimelist.net/anime/30015/ReLIFE?q=ReLIFE;https://cdn.myanimelist.net/images/anime/3/82149.jpg;13;0;True;False;;Slice of Life
298;Rent-a-Girlfriend;7,4;https://myanimelist.net/anime/40839/Kanojo_Okarishimasu;https://cdn.myanimelist.net/images/anime/1485/107693.jpg;12;0;False;False;;Comedy
299;Restaurant to Another World;7,4;https://myanimelist.net/anime/34012/Isekai_Shokudou;https://cdn.myanimelist.net/images/anime/3/86666.jpg;12;8;True;False;;Watching
300;Rewrite;6,8;https://myanimelist.net/anime/31716/Rewrite;https://cdn.myanimelist.net/images/anime/1827/92122.jpg;13;0;False;False;;Intresting
301;Rokka - Braves of the Six Flowers;7,4;https://myanimelist.net/anime/28497/Rokka_no_Yuusha;https://cdn.myanimelist.net/images/anime/9/74374.jpg;12;0;True;False;;Intresting
302;Rosario to Vampire;7,0;https://myanimelist.net/anime/2993/Rosario_to_Vampire?q=%20Rosario%20%2B%20Vampire%20;https://cdn.myanimelist.net/images/anime/12/75242.jpg;13;0;True;False;???;Harem
303;Saekano: How to Raise a Boring Girlfriend;7,6;https://myanimelist.net/anime/23277/Saenai_Heroine_no_Sodatekata?q=%20Saekano%3A%20How%20to%20Raise%20a%20Boring%20Girlfriend%20;https://cdn.myanimelist.net/images/anime/7/68783.jpg;12;12;False;False;;Completed
304;Saekano: How to Raise a Boring Girlfriend ♭;7,9;https://myanimelist.net/anime/30727/Saenai_Heroine_no_Sodatekata_%E2%99%AD;https://cdn.myanimelist.net/images/anime/2/84797.jpg;11;0;False;False;;Top
305;Saga of Tanya the Evil;8,1;https://myanimelist.net/anime/32615/Youjo_Senki?q=%20Saga%20of%20Tanya%20the%20Evil%20;https://cdn.myanimelist.net/images/anime/5/82890.jpg;12;12;True;False;;Completed
306;Sagrada Reset;7,4;https://myanimelist.net/anime/34102/Sakurada_Reset;https://cdn.myanimelist.net/images/anime/5/84470.jpg;24;0;False;False;;Intresting
307;Sakura Quest;7,5;https://myanimelist.net/anime/34494/Sakura_Quest;https://cdn.myanimelist.net/images/anime/6/85222.jpg;25;0;True;False;???;Comedy
308;Sankarea;7,4;https://myanimelist.net/anime/11499/Sankarea?q=%20Sankarea%20;https://cdn.myanimelist.net/images/anime/1487/95651.jpg;12;12;True;False;;Completed
309;Science Fell in Love, So I Tried to Prove It;7,4;https://myanimelist.net/anime/38992/Rikei_ga_Koi_ni_Ochita_no_de_Shoumei_shitemita?q=%20Science%20Fell%20in%20Love%2C%20So%20I%20Tried%20to%20Prove%20It%20;https://cdn.myanimelist.net/images/anime/1432/103533.jpg;12;0;True;False;;Intresting
310;Scum's Wish;7,4;https://myanimelist.net/anime/32949/Kuzu_no_Honkai?q=%20Scum%27s%20Wish%20;https://cdn.myanimelist.net/images/anime/5/83937.jpg;12;0;True;False;Drama;Slice of Life
311;Senki Zesshou Symphogear XV;8,5;https://myanimelist.net/anime/32843/Senki_Zesshou_Symphogear_XV;https://cdn.myanimelist.net/images/anime/1899/101966.jpg;13;0;False;False;;Intresting
312;Seven Mortal Sins;5,7;https://myanimelist.net/anime/33834/Sin__Nanatsu_no_Taizai?q=%20Seven%20Mortal%20Sins%20;https://cdn.myanimelist.net/images/anime/7/86621.jpg;12;0;True;False;;Harem
313;Shaman King;7,8;https://myanimelist.net/anime/154/Shaman_King?q=%20Shaman%20King%20;https://cdn.myanimelist.net/images/anime/4/18990.jpg;64;0;True;False;Manga!!!;Movie
314;She professed herself the pupil of the wise man;0;https://myanimelist.net/anime/42072/Kenja_no_Deshi_wo_Nanoru_Kenja;https://cdn.myanimelist.net/images/anime/1004/107734.jpg;0;0;False;False;;Not Aired Yet
315;SHIMONETA: A Boring World Where the Concept of Dirty Jokes Doesn’t Exist;7,4;https://myanimelist.net/anime/29786/Shimoneta_to_Iu_Gainen_ga_Sonzai_Shinai_Taikutsu_na_Sekai?q=%20SHIMONETA%3A%20A%20Boring%20World%20Where%20the%20Concept%20of%20Dirty%20Jokes%20Doesn%E2%80%99t%20Exist%20;https://cdn.myanimelist.net/images/anime/6/75106.jpg;12;0;True;False;;Harem
316;Shirobako;8,4;https://myanimelist.net/anime/25835/Shirobako?q=%20SHIROBAKO%20;https://cdn.myanimelist.net/images/anime/1918/93511.jpg;24;0;False;False;;Comedy
317;Sleepy Princess in the Demon Castle;0;https://myanimelist.net/anime/40397;https://cdn.myanimelist.net/images/anime/1448/108514.jpg;0;0;False;False;;Not Aired Yet
318;Slime Taoshite 300-nen, Shiranai Uchi ni Level Max ni Nattemashita;0;https://myanimelist.net/anime/40586/Slime_Taoshite_300-nen_Shiranai_Uchi_ni_Level_Max_ni_Nattemashita?q=%20Slime%20Taoshite%20300-nen%2C%20Shiranai%20Uchi%20ni%20Level%20Max%20ni%20Nattemashita%20;https://cdn.myanimelist.net/images/anime/1107/103590.jpg;0;0;False;False;;Not Aired Yet
319;Slow Start;7,1;https://myanimelist.net/anime/35540/Slow_Start;https://cdn.myanimelist.net/images/anime/4/89982.jpg;12;0;False;False;;Slice of Life
320;Snow White with the Red Hair;7,9;https://myanimelist.net/anime/30123/Akagami_no_Shirayuki-hime;https://cdn.myanimelist.net/images/anime/10/75764.jpg;12;0;True;False;;Slice of Life
321;So I'm a Spider, So What?;0;https://myanimelist.net/anime/37984/Kumo_Desu_ga_Nani_ka;https://cdn.myanimelist.net/images/anime/1549/105395.jpg;0;0;False;False;;Not Aired Yet
322;Somali and the Forest Spirit;7,9;https://myanimelist.net/anime/39575/Somali_to_Mori_no_Kamisama?q=%20Somali%20and%20the%20Forest%20Spirit%20;https://cdn.myanimelist.net/images/anime/1938/102796.jpg;12;0;True;False;;Hmmm
323;Sorcerous Stabber Orphen;5,8;https://myanimelist.net/anime/37576/Majutsushi_Orphen_Hagure_Tabi;https://cdn.myanimelist.net/images/anime/1339/105253.jpg;13;0;False;False;;Whatever
324;Soul Eater;8,0;https://myanimelist.net/anime/3588/Soul_Eater?q=%20Soul%20Eater%20;https://cdn.myanimelist.net/images/anime/9/7804.jpg;51;51;True;False;;Completed
325;Sound! Euphonium;8,0;https://myanimelist.net/anime/27989/Hibike_Euphonium?q=%20Sound!%20Euphonium%20;https://cdn.myanimelist.net/images/anime/6/72445.jpg;13;0;False;False;;Slice of Life
326;Spice and Wolf;8,3;https://myanimelist.net/anime/2966/Ookami_to_Koushinryou;https://cdn.myanimelist.net/images/anime/5/59401.jpg;12;0;True;False;;Slice of Life
327;Spirit Blade Mountain;7,2;https://myanimelist.net/anime/32094/Reikenzan__Hoshikuzu-tachi_no_Utage?q=%20Reikenzan%3A%20Hoshikuzu-tachi%20no%20Utage%20;https://cdn.myanimelist.net/images/anime/11/78196.jpg;12;0;False;False;;Intresting
328;SSSS.Gridman;7,3;https://myanimelist.net/anime/35847/SSSSGridman;https://cdn.myanimelist.net/images/anime/1973/95616.jpg;12;0;True;False;;Intresting
329;Steins,Gate;9,1;https://myanimelist.net/anime/9253/Steins_Gate;https://cdn.myanimelist.net/images/anime/5/73199.jpg;24;0;True;False;;Hmmm
330;Strike the Blood;7,3;https://myanimelist.net/anime/18277/Strike_the_Blood?q=%20Strike%20the%20Blood%20;https://cdn.myanimelist.net/images/anime/5/56163.jpg;24;0;True;False;;Harem
331;Sweetness & Lightning ;7,6;https://myanimelist.net/anime/32828/Amaama_to_Inazuma?q=%20Sweetness%20%26%20Lightning%20;https://cdn.myanimelist.net/images/anime/6/80546.jpg;12;0;False;False;???;Slice of Life
332;Sword Art Online;7,5;https://myanimelist.net/anime/11757/Sword_Art_Online?q=%20Sword%20Art%20Online%20;https://cdn.myanimelist.net/images/anime/11/39717.jpg;25;25;True;False;;Completed
333;Sword Art Online Alternative: Gun Gale Online;7,2;https://myanimelist.net/anime/36475/Sword_Art_Online_Alternative__Gun_Gale_Online;https://cdn.myanimelist.net/images/anime/1141/93288.jpg;12;0;True;False;;Intresting
334;Sword Art Online II;7,0;https://myanimelist.net/anime/21881/Sword_Art_Online_II;https://cdn.myanimelist.net/images/anime/11/65185.jpg;24;24;True;False;;Completed
335;Sword Art Online the Movie: Ordinal Scale;7,9;https://myanimelist.net/anime/31765/Sword_Art_Online_Movie__Ordinal_Scale;https://cdn.myanimelist.net/images/anime/4/83811.jpg;1;0;True;False;;Movie
336;Sword Art Online: Alicization;7,6;https://myanimelist.net/anime/36474/Sword_Art_Online__Alicization;https://cdn.myanimelist.net/images/anime/1993/93837.jpg;24;0;True;False;Light Novel?;Hmmm
337;Sword Oratoria: Is it Wrong to Try to Pick Up Girls in a Dungeon? On the Side;7,1;https://myanimelist.net/anime/32887/Dungeon_ni_Deai_wo_Motomeru_no_wa_Machigatteiru_Darou_ka_Gaiden__Sword_Oratoria;https://cdn.myanimelist.net/images/anime/7/85467.jpg;12;0;True;False;;Top
338;Teasing Master Takagi-san;7,9;https://myanimelist.net/anime/35860/Karakai_Jouzu_no_Takagi-san?q=%20Teasing%20Master%20Takagi-san%20;https://cdn.myanimelist.net/images/anime/1591/95091.jpg;12;0;True;False;;Slice of Life
339;Tenchi Muyo! War on Geminar;7,9;https://myanimelist.net/anime/5781/Isekai_no_Seikishi_Monogatari?q=%20Tenchi%20Muyo!%20War%20on%20Geminar%20;https://cdn.myanimelist.net/images/anime/2/20345.jpg;13;0;True;False;???;Harem
340;Tengen Toppa Gurren Lagann;8,7;https://myanimelist.net/anime/2001/Tengen_Toppa_Gurren_Lagann;https://cdn.myanimelist.net/images/anime/4/5123.jpg;27;0;True;False;;Hmmm
341;Tensei Shitara Slime Datta Ken 2nd Season;0;https://myanimelist.net/anime/39551/Tensei_shitara_Slime_Datta_Ken_2nd_Season;https://cdn.myanimelist.net/images/anime/1530/106442.jpg;24;0;False;False;;Not Aired Yet
342;That Time I Got Reincarnated as a Slime;8,1;https://myanimelist.net/anime/37430/Tensei_shitara_Slime_Datta_Ken?q=%20That%20Time%20I%20Got%20Reincarnated%20as%20a%20Slime%20;https://cdn.myanimelist.net/images/anime/1694/93337.jpg;24;24;True;True;;Completed
343;The "Hentai" Prince and the Stony Cat;7,3;https://myanimelist.net/anime/15225/Hentai_Ouji_to_Warawanai_Neko?q=%20The%20%22Hentai%22%20Prince%20and%20the%20Stony%20Cat.%20;https://cdn.myanimelist.net/images/anime/3/75788.jpg;12;12;False;False;;Completed
344;The Ambition of Oda Nobuna;7,6;https://myanimelist.net/anime/11933/Oda_Nobuna_no_Yabou?q=%20The%20Ambition%20of%20Oda%20Nobuna%20;https://cdn.myanimelist.net/images/anime/11/39249.jpg;12;12;True;False;;Completed
345;The Ancient Magus' Bride;8,2;https://myanimelist.net/anime/35062/Mahoutsukai_no_Yome?q=%20The%20Ancient%20Magus%27%20Bride%20;https://cdn.myanimelist.net/images/anime/3/88476.jpg;24;24;True;False;;Completed
346;The Asterisk War;7,0;https://myanimelist.net/anime/30544/Gakusen_Toshi_Asterisk?q=%20The%20Asterisk%20War%20;https://cdn.myanimelist.net/images/anime/5/76034.jpg;12;0;True;False;;Harem
347;The Day I Became a God;0;https://myanimelist.net/anime/41930/Kamisama_ni_Natta_Hi?q=kamisama%20ni;https://cdn.myanimelist.net/images/anime/1564/108648.jpg;0;0;False;False;;Not Aired Yet
348;The Demon Girl Next Door;7,8;https://myanimelist.net/anime/39071/Machikado_Mazoku?q=%20The%20Demon%20Girl%20Next%20Door%20;https://cdn.myanimelist.net/images/anime/1395/101109.jpg;12;0;False;False;;Comedy
349;The Devil is a Part-Timer!;7,9;https://myanimelist.net/anime/15809/Hataraku_Maou-sama?q=%20The%20Devil%20is%20a%20Part-Timer!%20;https://cdn.myanimelist.net/images/anime/3/50177.jpg;13;13;True;False;;Completed
350;The Elder Sister-like One;0;https://myanimelist.net/anime/41005/Ane_Naru_Mono?q=%20Ane%20Naru%20Mono%20;https://cdn.myanimelist.net/images/anime/1219/105289.jpg;0;0;False;False;;Not Aired Yet
351;The Familiar of Zero;7,5;https://myanimelist.net/anime/1195/Zero_no_Tsukaima?q=%20The%20Familiar%20of%20Zero%20;https://cdn.myanimelist.net/images/anime/8/20680.jpg;13;0;True;False;;Harem
352;The Future Diary;7,7;https://myanimelist.net/anime/10620/Mirai_Nikki?q=%20The%20Future%20Diary%20;https://cdn.myanimelist.net/images/anime/13/33465.jpg;26;26;True;False;;Completed
353;The Helpful Fox Senko-san;7,4;https://myanimelist.net/anime/38759/Sewayaki_Kitsune_no_Senko-san;https://cdn.myanimelist.net/images/anime/1814/99677.jpg;12;0;True;False;;Comedy
354;The Hidden Dungeon Only I Can Enter;0;https://myanimelist.net/anime/41899;https://cdn.myanimelist.net/images/anime/1088/109121.jpg;0;0;False;False;;Not Aired Yet
355;The Irregular at Magic High School;7,7;https://myanimelist.net/anime/20785/Mahouka_Koukou_no_Rettousei;https://cdn.myanimelist.net/images/anime/11/61039.jpg;26;0;False;False;;Intresting
356;The man picked up by the gods;0;https://myanimelist.net/anime/41312/Kami-tachi_ni_Hirowareta_Otoko?q=kami-tac;https://cdn.myanimelist.net/images/anime/1654/108801.jpg;0;0;False;False;;Not Aired Yet
357;The Misfit of Demon King Academy;7,4;https://myanimelist.net/anime/40496/Maou_Gakuin_no_Futekigousha__Shijou_Saikyou_no_Maou_no_Shiso_Tensei_shite_Shison-tachi_no_Gakkou_e?q=%20Maou%20Gakuin%20no%20Futekigousha%20;https://cdn.myanimelist.net/images/anime/1126/108573.jpg;13;8;True;False;;Watching
358;The Pet Girl of Sakurasou;8,3;https://myanimelist.net/anime/13759/Sakura-sou_no_Pet_na_Kanojo?q=%20The%20Pet%20Girl%20of%20Sakurasou%20;https://cdn.myanimelist.net/images/anime/4/43643.jpg;24;24;False;False;;Completed
359;The Promised Neverland;8,7;https://myanimelist.net/anime/37779/Yakusoku_no_Neverland;https://cdn.myanimelist.net/images/anime/1125/96929.jpg;12;0;True;False;;Top
360;The Quintessential Quintuplets ;7,6;https://myanimelist.net/anime/38101/5-toubun_no_Hanayome?q=%20The%20Quintessential%20Quintuplets%20;https://cdn.myanimelist.net/images/anime/1819/97947.jpg;12;0;True;False;;Comedy
361;The Rising of the Shield Hero;8,1;https://myanimelist.net/anime/35790/Tate_no_Yuusha_no_Nariagari?q=%20The%20Rising%20of%20the%20Shield%20Hero%20;https://cdn.myanimelist.net/images/anime/1490/101365.jpg;25;25;True;True;;Completed
362;The Saint's Magic Ability is Omnipotent ;0;https://myanimelist.net/anime/42826;https://cdn.myanimelist.net/images/anime/1236/109130.jpg;0;0;False;False;;Not Aired Yet
363;The Seven Deadly Sins;8,1;https://myanimelist.net/anime/23755/Nanatsu_no_Taizai;https://cdn.myanimelist.net/images/anime/8/65409.jpg;24;0;True;False;;Hmmm
364;The Testament of Sister New Devil;7,0;https://myanimelist.net/anime/23233/Shinmai_Maou_no_Testament?q=%20The%20Testament%20of%20Sister%20New%20Devil%20;https://cdn.myanimelist.net/images/anime/1240/94749.jpg;12;12;True;False;;Completed
365;The Testament of Sister New Devil Departures ;7,1;https://myanimelist.net/anime/36688/Shinmai_Maou_no_Testament_Departures;https://cdn.myanimelist.net/images/anime/1395/95778.jpg;1;0;False;False;???;Movie
366;The World God Only Knows;7,8;https://myanimelist.net/anime/8525/Kami_nomi_zo_Shiru_Sekai?q=%20The%20World%20God%20Only%20Knows%20;https://cdn.myanimelist.net/images/anime/2/43361.jpg;12;12;True;False;;Completed
367;The World God Only Knows II;8,0;https://myanimelist.net/anime/10080/Kami_nomi_zo_Shiru_Sekai_II?q=%20The%20World%20God%20Only%20Knows%20II%20;https://cdn.myanimelist.net/images/anime/11/30030.jpg;12;12;True;False;;Completed
368;The World God Only Knows: Goddesses;8,2;https://myanimelist.net/anime/16706/Kami_nomi_zo_Shiru_Sekai__Megami-hen;https://cdn.myanimelist.net/images/anime/6/51949.jpg;12;0;True;False;;Watching
369;To Love Ru;7,2;https://myanimelist.net/anime/3455/To_LOVE-Ru?q=%20To%20Love%20Ru%20;https://cdn.myanimelist.net/images/anime/13/22544.jpg;26;0;False;False;???;Harem
370;To Your Eternity;0;https://myanimelist.net/anime/41025/Fumetsu_no_Anata_e;https://cdn.myanimelist.net/images/anime/1772/105306.jpg;0;0;False;False;;Not Aired Yet
371;Toilet-bound Hanako-kun;7,8;https://myanimelist.net/anime/39534/Jibaku_Shounen_Hanako-kun?q=%20Toilet-bound%20Hanako-kun%20;https://cdn.myanimelist.net/images/anime/1700/104788.jpg;12;0;True;False;;Hmmm
372;Tokyo Ghoul;7,9;https://myanimelist.net/anime/22319/Tokyo_Ghoul?q=%20Tokyo%20Ghoul%20;https://cdn.myanimelist.net/images/anime/5/64449.jpg;12;12;True;False;;Completed
373;Toradora!;8,3;https://myanimelist.net/anime/4224/Toradora?q=%20Toradora!%20;https://cdn.myanimelist.net/images/anime/13/22128.jpg;25;25;True;False;;Completed
374;Tower of God;7,8;https://myanimelist.net/anime/40221/Kami_no_Tou;https://cdn.myanimelist.net/images/anime/1702/106229.jpg;13;0;False;False;;Hmmm
375;Trinity Seven;7,3;https://myanimelist.net/anime/25157/Trinity_Seven?q=%20TRINITY%20SEVEN%20;https://cdn.myanimelist.net/images/anime/12/67795.jpg;12;12;True;False;;Completed
376;Trinity Seven: Eternal Library & Alchemic Girl ;7,4;https://myanimelist.net/anime/33581/Trinity_Seven_Movie_1__Eternity_Library_to_Alchemic_Girl;https://cdn.myanimelist.net/images/anime/6/83172.jpg;1;0;False;False;;Movie
377;Tsukigakirei ;8,3;https://myanimelist.net/anime/34822/Tsuki_ga_Kirei?q=%20Tsukigakirei%20;https://cdn.myanimelist.net/images/anime/2/85592.jpg;12;0;True;False;;Slice of Life
378;Tsuredure Children;7,8;https://myanimelist.net/anime/34902/Tsurezure_Children?q=%20Tsuredure%20Children%20;https://cdn.myanimelist.net/images/anime/12/86676.jpg;12;0;True;False;;Comedy
379;Twin Star Exorcists;7,4;https://myanimelist.net/anime/32105/Sousei_no_Onmyouji;https://cdn.myanimelist.net/images/anime/12/79556.jpg;50;0;True;False;;Intresting
380;Unbreakable Machine-Doll;7,3;https://myanimelist.net/anime/17247/Machine-Doll_wa_Kizutsukanai?q=%20Unbreakable%20Machine-Doll%20;https://cdn.myanimelist.net/images/anime/4/56141.jpg;12;0;True;False;;Harem
381;Urara Meirochou;7,2;https://myanimelist.net/anime/32924/Urara_Meirochou?q=%20Urara%20Meirochou%20;https://cdn.myanimelist.net/images/anime/6/84119.jpg;12;0;False;False;;Comedy
382;Ushio and Tora;7,6;https://myanimelist.net/anime/29854/Ushio_to_Tora_TV?q=%20Ushio%20and%20Tora%20;https://cdn.myanimelist.net/images/anime/8/74945.jpg;26;26;True;False;;Completed
383;Ushio to Tora (TV) 2nd Season;8,0;https://myanimelist.net/anime/31098/Ushio_to_Tora_TV_2nd_Season;https://cdn.myanimelist.net/images/anime/4/78567.jpg;13;13;True;False;;Completed
384;Uzaki-chan Wants to Play!;7,1;https://myanimelist.net/anime/41226/Uzaki-chan_wa_Asobitai?q=uzaki;https://cdn.myanimelist.net/images/anime/1540/108292.jpg;12;0;True;False;;Comedy
385;Vinland Saga;8,8;https://myanimelist.net/anime/37521/Vinland_Saga;https://cdn.myanimelist.net/images/anime/1500/103005.jpg;24;0;False;False;;Hmmm
386;Violet Evergarden;8,6;https://myanimelist.net/anime/33352/Violet_Evergarden?q=%20Violet%20Evergarden%20;https://cdn.myanimelist.net/images/anime/1795/95088.jpg;13;0;True;True;;Slice of Life
387;Vlad Love;0;https://myanimelist.net/anime/39990/Vlad_Love?q=%20Vlad%20Love%20;https://cdn.myanimelist.net/images/anime/1578/104946.jpg;0;0;False;False;;Not Aired Yet
388;Warlords of Sigrdrifa;0;https://myanimelist.net/anime/41372/Senyoku_no_Sigrdrifa?q=warlors%20of%20sig;https://cdn.myanimelist.net/images/anime/1960/106258.jpg;0;0;False;False;;Not Aired Yet
389;Wasteful Days of High School Girl;7,8;https://myanimelist.net/anime/38619/Joshikousei_no_Mudazukai?q=%20Wasteful%20Days%20of%20High%20School%20Girls%20;https://cdn.myanimelist.net/images/anime/1227/99966.jpg;12;0;False;False;;Comedy
390;WataMote: No Matter How I Look at It, It’s You Guys' Fault I’m Unpopular!;7,2;https://myanimelist.net/anime/16742/Watashi_ga_Motenai_no_wa_Dou_Kangaetemo_Omaera_ga_Warui;https://cdn.myanimelist.net/images/anime/12/51619.jpg;12;0;True;False;;Comedy
391;We Never Learn!;7,5;https://myanimelist.net/anime/40004/Bokutachi_wa_Benkyou_ga_Dekinai;https://cdn.myanimelist.net/images/anime/1974/102960.jpg;13;0;False;False;;Comedy
392;Weathering With You ;8,6;https://myanimelist.net/anime/38826/Tenki_no_Ko?q=%20Weathering%20With%20You%20;https://cdn.myanimelist.net/images/anime/1880/101146.jpg;1;1;True;False;;Completed
393;Welcome to Demon School! Iruma-kun;7,8;https://myanimelist.net/anime/39196/Mairimashita_Iruma-kun?q=%20Welcome%20to%20Demon%20School!%20Iruma-kun%20;https://cdn.myanimelist.net/images/anime/1009/103187.jpg;23;0;True;False;;Intresting
394;When Supernatural Battles Became Commonplace;7,2;https://myanimelist.net/anime/25159/Inou-Battle_wa_Nichijou-kei_no_Naka_de;https://cdn.myanimelist.net/images/anime/8/67047.jpg;12;0;True;False;;Comedy
395;Why the hell are you here, Teacher!?;6,6;https://myanimelist.net/anime/38397/Nande_Koko_ni_Sensei_ga?q=%20Why%20the%20Hell%20are%20You%20Here%2C%20Teacher!%3F%20;https://cdn.myanimelist.net/images/anime/1765/99673.jpg;12;0;True;False;;Harem
396;Witch Craft Works;7,15;https://myanimelist.net/anime/21085/Witch_Craft_Works?q=%20Witch%20Craft%20Works%20;https://cdn.myanimelist.net/images/anime/12/55693.jpg;12;0;False;False;;Comedy
397;WorldEnd: What do you do at the end of the world? Are you busy? Will you save us? ;7,8;https://myanimelist.net/anime/33502/Shuumatsu_Nani_Shitemasu_ka_Isogashii_Desu_ka_Sukutte_Moratte_Ii_Desu_ka;https://cdn.myanimelist.net/images/anime/4/85260.jpg;12;0;True;True;;Hmmm
398;World's End Harem;0;https://myanimelist.net/anime/41946/Shuumatsu_no_Harem;https://cdn.myanimelist.net/images/anime/1651/107482.jpg;0;0;False;False;;Not Aired Yet
399;Wotakoi: Love is Hard for Otaku;8,0;https://myanimelist.net/anime/35968/Wotaku_ni_Koi_wa_Muzukashii?q=%20Wotakoi%3A%20Love%20is%20Hard%20for%20Otaku%20;https://cdn.myanimelist.net/images/anime/1864/93518.jpg;11;0;False;False;;Comedy
400;Yahari Ore no Seishun Love Comedy wa Machigatteiru. Kan;0;https://myanimelist.net/anime/39547/Yahari_Ore_no_Seishun_Love_Comedy_wa_Machigatteiru_Kan;https://cdn.myanimelist.net/images/anime/1958/107912.jpg;12;0;False;False;+ Season 2 OVA;Not Aired Yet
401;Yamada and the Seven Witches;7,8;https://myanimelist.net/anime/28677/Yamada-kun_to_7-nin_no_Majo_TV?q=%20Yamada%20and%20the%20Seven%20Witches%20;https://cdn.myanimelist.net/images/anime/2/73700.jpg;12;12;True;False;;Completed
402;Yona of the Dawn;8,1;https://myanimelist.net/anime/25013/Akatsuki_no_Yona?q=%20Yona%20of%20the%20Dawn%20;https://cdn.myanimelist.net/images/anime/9/64225.jpg;24;24;True;False;;Completed
403;Yosuga no Sora;6,4;https://myanimelist.net/anime/8861/Yosuga_no_Sora__In_Solitude_Where_We_Are_Least_Alone?q=%20Yosuga%20no%20Sora%3A%20In%20Solitude%20Where%20We%20are%20Least%20Alone%20;https://cdn.myanimelist.net/images/anime/5/76216.jpg;12;0;False;False;;Harem
404;Your Lie in April ;8,8;https://myanimelist.net/anime/23273/Shigatsu_wa_Kimi_no_Uso;https://cdn.myanimelist.net/images/anime/3/67177.jpg;22;0;True;False;;Slice of Life
405;Your Name;9,1;https://myanimelist.net/anime/32281/Kimi_no_Na_wa;https://cdn.myanimelist.net/images/anime/5/87048.jpg;1;1;True;False;;Completed
406;Yuki Yuna is a Hero;7,4;https://myanimelist.net/anime/25519/Yuuki_Yuuna_wa_Yuusha_de_Aru;https://cdn.myanimelist.net/images/anime/8/77057.jpg;12;0;True;False;;Hmmm
407;Yuu Yuu Hakusho;8,5;https://myanimelist.net/anime/392/Yuu%E2%98%86Yuu%E2%98%86Hakusho;https://cdn.myanimelist.net/images/anime/8/25152.jpg;112;21;True;False;;Watching
408;Yuuna and the Haunted Hot Springs;7,2;https://myanimelist.net/anime/36726/Yuragi-sou_no_Yuuna-san;https://cdn.myanimelist.net/images/anime/1483/93141.jpg;12;0;False;False;???;Harem
409;Zombieland Saga;7,6;https://myanimelist.net/anime/37976/Zombieland_Saga?q=%20ZOMBIE%20LAND%20SAGA%20;https://cdn.myanimelist.net/images/anime/1094/95453.jpg;12;0;True;False;;Comedy
