1; Atlas' Fate: Between Light & Darkness;0;http://www.atlasfate.com/;https://cdnb.artstation.com/p/assets/images/images/013/906/899/20181107095637/micro_square/alex-alonso-screenshot001.jpg?1541606198;False;;IndieDev
2;1428: Shadows over Silesia;0;https://www.metacritic.com/game/pc/1428-shadows-over-silesia;https://images.igdb.com/igdb/image/upload/t_cover_big/nocover_qhhlj6.jpg;False;;Not Released - Indie
3;A Fold Apart;0;https://www.metacritic.com/game/pc/a-fold-apart;https://images.igdb.com/igdb/image/upload/t_cover_big/co1k3f.jpg;False;2020.04.17.;Not Released - Indie
4;A Hat in Time;7,9;https://www.metacritic.com/game/pc/a-hat-in-time;https://images.igdb.com/igdb/image/upload/t_cover_big/co1r5j.jpg;False;;3D Platformer
5;A Monster's Expedition;0;https://www.metacritic.com/game/pc/a-monsters-expedition;https://images.igdb.com/igdb/image/upload/t_cover_big/co20q7.jpg;False;TBA 2020;Not Released - Indie
6;A Plague Tale: Innocence;8,1;https://www.metacritic.com/game/pc/a-plague-tale-innocence;https://images.igdb.com/igdb/image/upload/t_cover_big/co1lat.jpg;False;;Action-Adventure
7;A Way Out;7,8;https://www.metacritic.com/game/pc/a-way-out;https://images.igdb.com/igdb/image/upload/t_cover_big/co1vca.jpg;False;;Co-op
8;Absolver;7,5;https://www.metacritic.com/game/pc/absolver;https://images.igdb.com/igdb/image/upload/t_cover_big/co1mtm.jpg;False;;Action-RPG
9;Adore;0;https://www.metacritic.com/game/pc/adore;https://img.gg.deals/61/ad/6327f7ebdce0e52c8340b0653a3d87bdf65a_1920xt1080_Q100.jpg;False;;Indie
10;Alice: Madness Returns;7,5;https://www.metacritic.com/game/pc/alice-madness-returns;https://images.igdb.com/igdb/image/upload/t_cover_big/co1hpc.jpg;False;;3D Platformer
11;Almighty: Kill Your Gods;0;https://www.metacritic.com/game/pc/almighty-kill-your-gods;https://images.igdb.com/igdb/image/upload/t_cover_big/co29r2.jpg;False;;Not Released Yet
12;Alset;0;https://adamwallberg.itch.io/alset;https://i.ytimg.com/vi/9yEiwXYp_CY/hqdefault.jpg;True;;IndieDev
13;Altered;0;https://www.metacritic.com/game/pc/altered;https://pbs.twimg.com/profile_images/1099936034824036352/WtXSxL7a_400x400.png;False;TBA 2020;Not Released - Indie
14;Alwa's Awakening;7,1;https://www.metacritic.com/game/pc/alwas-awakening;https://images.igdb.com/igdb/image/upload/t_cover_big/co1zqw.jpg;False;;Indie
15;Among Trees;0;https://www.metacritic.com/game/pc/among-trees;https://images.igdb.com/igdb/image/upload/t_cover_big/co1i1s.jpg;False;;Not Released - Indie
16;Ancient Abyss;0;https://www.metacritic.com/game/pc/ancient-abyss;https://live.staticflickr.com/4811/43868203140_e450de8808_z.jpg;False;TBA;Not Released - Indie
17;Aragami: Shadow Edition;7,8;https://www.metacritic.com/game/pc/aragami-shadow-edition;https://images.igdb.com/igdb/image/upload/t_cover_big/co1jc8.jpg;False;;Action-Adventure
18;Arboria;0;https://www.metacritic.com/game/pc/arboria;https://external-preview.redd.it/kvTlE5vmShF-MKn_X-3RqloRH4bKhDz2mBtzd9sX_lU.jpg?auto=webp&s=e8ed900ca0944215169183a9d97223652d24abe1;False;TBA 2020;Not Released - Indie
19;Arcania: Gothic 4;6,3;https://www.metacritic.com/game/pc/arcania-gothic-4;https://images.igdb.com/igdb/image/upload/t_cover_big/mzwyljrmq1t3u04gbcmp.jpg;False;;Whatever
20;Arietta of Spirits;0;https://www.metacritic.com/game/pc/arietta-of-spirits;https://images.igdb.com/igdb/image/upload/t_cover_big/nocover_qhhlj6.jpg;False;;Not Released - Indie
21;Arise: A Simple Story;7,9;https://www.metacritic.com/game/pc/arise-a-simple-story;https://images.igdb.com/igdb/image/upload/t_cover_big/co1s39.jpg;False;;3D Platformer
22;Ary and the Secret of Seasons;0;https://www.metacritic.com/game/pc/ary-and-the-secret-of-seasons;https://images.igdb.com/igdb/image/upload/t_cover_big/co1xlb.jpg;False;2020 Q3;Not Released - Indie
23;Ashen;8,1;https://www.metacritic.com/game/pc/ashen;https://images.igdb.com/igdb/image/upload/t_cover_big/co1i2c.jpg;False;;Action-RPG
24;Assassin's Creed;7,9;https://www.metacritic.com/game/pc/assassins-creed-directors-cut-edition;https://images.igdb.com/igdb/image/upload/t_cover_big/co1rrw.jpg;False;;Completed
25;Assassin's Creed II;8,6;https://www.metacritic.com/game/pc/assassins-creed-ii;https://images.igdb.com/igdb/image/upload/t_cover_big/co1rcf.jpg;False;;Completed
26;Assassin's Creed: Origins;8,4;https://www.metacritic.com/game/pc/assassins-creed-origins;https://images.igdb.com/igdb/image/upload/t_cover_big/co1rbe.jpg;False;;Action-Adventure
27;Assassin's Creed: Syndicate;7,4;https://www.metacritic.com/game/pc/assassins-creed-syndicate;https://images.igdb.com/igdb/image/upload/t_cover_big/co1xis.jpg;False;Epic Store;Action-Adventure
28;Assassin's Creed: Unity;7,0;https://www.metacritic.com/game/pc/assassins-creed-unity;https://images.igdb.com/igdb/image/upload/t_cover_big/co1xiq.jpg;False;UPlay;Action-Adventure
29;Astro Kat;0;https://astrokat.tibbletop.com/;https://astrokat.tibbletop.com/wp-content/uploads/2019/03/AstroKatLogoTransp-copy-1.png;False;;IndieDev
30;Atelier Ryza 2: Lost Legends & the Secret Fairy;0;https://www.metacritic.com/game/pc/atelier-ryza-2-lost-legends-the-secret-fairy;https://mlpnk72yciwc.i.optimole.com/cqhiHLc.WqA8~2eefa/w:auto/h:auto/q:75/https://bleedingcool.com/wp-content/uploads/2020/07/Atelier-Ryza-2-Lost-Legends-the-Secret-Fairy-Artwork.jpg;False;;Not Released Yet
31;Avencast: Rise of the Mage;6,8;https://www.metacritic.com/game/pc/avencast-rise-of-the-mage;https://images.igdb.com/igdb/image/upload/t_cover_big/co1n0e.jpg;False;;Whatever
32;Avowed;0;https://www.metacritic.com/game/pc/avowed;https://images.igdb.com/igdb/image/upload/t_cover_big/co2dw7.jpg;False;;Not Released Yet
33;Aztez;8,1;https://www.metacritic.com/game/pc/aztez;https://images.igdb.com/igdb/image/upload/t_cover_big/detsqlnromzkeospdors.jpg;False;Epic Store;Indie
34;Baba Is You;8,7;https://www.metacritic.com/game/pc/baba-is-you;https://images.igdb.com/igdb/image/upload/t_cover_big/co1zru.jpg;False;;Indie
35;Babylon's Fall;0;https://www.metacritic.com/game/pc/babylons-fall;https://images.igdb.com/igdb/image/upload/t_cover_big/xvp4xawuty6w2soztk5v.jpg;False;TBA;Not Released Yet
36;Balan Wonderworld;0;https://www.metacritic.com/game/pc/balan-wonderworld;https://images.igdb.com/igdb/image/upload/t_cover_big/co2e59.jpg;False;;Not Released Yet
37;Bastion;8,6;https://www.metacritic.com/game/pc/bastion;https://images.igdb.com/igdb/image/upload/t_cover_big/co1qlj.jpg;False;;Indie
38;Batman: Arkham Asylum;9,1;https://www.metacritic.com/game/pc/batman-arkham-asylum;https://images.igdb.com/igdb/image/upload/t_cover_big/co1voj.jpg;False;Epic Store;Action-Adventure
39;Batman: Arkham City;9,1;https://www.metacritic.com/game/pc/batman-arkham-city;https://images.igdb.com/igdb/image/upload/t_cover_big/co1voh.jpg;False;Epic Store;Action-Adventure
40;Batman: Arkham Knight;7,0;https://www.metacritic.com/game/pc/batman-arkham-knight;https://images.igdb.com/igdb/image/upload/t_cover_big/co1nh1.jpg;False;Epic Store;Action-Adventure
41;BattleBlock Theater;8,5;https://www.metacritic.com/game/pc/battleblock-theater;https://images.igdb.com/igdb/image/upload/t_cover_big/co1n0f.jpg;False;;Co-op
42;Battlefield 1;8,8;https://www.metacritic.com/game/pc/battlefield-1;https://images.igdb.com/igdb/image/upload/t_cover_big/co1o58.jpg;False;;FPS
43;Battlefield V;8,1;https://www.metacritic.com/game/pc/battlefield-v;https://images.igdb.com/igdb/image/upload/t_cover_big/co1xbv.jpg;False;;FPS
44;Bayonetta;9,0;https://www.metacritic.com/game/pc/bayonetta;https://images.igdb.com/igdb/image/upload/t_cover_big/co1p92.jpg;False;;Action-Adventure
45;Being & Becoming;0;https://beingandbecominggame.com/;https://pbs.twimg.com/profile_images/1198960687327961088/fkUkUkk__400x400.jpg;False;;IndieDev
46;Berserk Boy;0;https://twitter.com/BerserkBoyGame;https://pbs.twimg.com/profile_images/1245894882633252864/b7-hRjgt_400x400.jpg;False;;IndieDev
47;Beyond Good & Evil;8,3;https://www.metacritic.com/game/pc/beyond-good-evil;https://images.igdb.com/igdb/image/upload/t_cover_big/co1ot5.jpg;False;;Action-Adventure
48;Beyond Good and Evil 2;0;https://www.metacritic.com/game/playstation-4/beyond-good-and-evil-2;https://images.igdb.com/igdb/image/upload/t_cover_big/kuubqp9sy10u0yqwkwdq.jpg;False;TBA;Not Released Yet
49;Billie Bust Up;0;https://blueprintgames.itch.io/billie-bust-up;https://pbs.twimg.com/profile_images/1211428380199010311/F_83il5s_400x400.png;False;;IndieDev
50;Biomutant;0;https://www.metacritic.com/game/pc/biomutant;https://images.igdb.com/igdb/image/upload/t_cover_big/co1rse.jpg;False;TBA 2020;Not Released Yet
51;BioShock;9,6;https://www.metacritic.com/game/pc/bioshock;https://images.igdb.com/igdb/image/upload/t_cover_big/co1rs0.jpg;False;;FPS
52;Biped;8,4;https://www.metacritic.com/game/pc/biped;https://images.igdb.com/igdb/image/upload/t_cover_big/co1nui.jpg;False;;Co-op
53;Black Mesa;8,6;https://www.metacritic.com/game/pc/black-mesa;https://images.igdb.com/igdb/image/upload/t_cover_big/co1mzp.jpg;False;;FPS
54;Black Myth: Wukong;0;http://www.heishenhua.com/;https://encrypted-tbn0.gstatic.com/images?q=tbn%3AANd9GcSNXAiqJIM6kM9rhHCy1bQaLBSmIU2tvRYbFQ&usqp=CAU;False;;Not Released Yet
55;Blasphemous;7,7;https://www.metacritic.com/game/pc/blasphemous;https://images.igdb.com/igdb/image/upload/t_cover_big/esby831i9tkzlbr9lth6.jpg;False;;Indie
56;Bless Unleashed;0;https://www.metacritic.com/game/xbox-one/bless-unleashed;https://images.igdb.com/igdb/image/upload/t_cover_big/co1ioc.jpg;False;Xbox;Other Platform
57;Bliss;0;https://twitter.com/QSashGames;https://ksr-ugc.imgix.net/assets/028/353/931/7bac9d1f42b16019c598b9cde93e11b9_original.jpg?ixlib=rb-2.1.0&crop=faces&w=1024&h=576&fit=crop&v=1583583463&auto=format&frame=1&q=92&s=01fb14decaefbed2497b5573a09a13a5;False;Quicksilver Sash Games;IndieDev
58;Bloodborne;9,2;https://www.metacritic.com/game/playstation-4/bloodborne;https://images.igdb.com/igdb/image/upload/t_cover_big/co1rba.jpg;False;PlayStation;Other Platform
59;Bloody Spell;0;https://www.metacritic.com/game/pc/bloody-spell;https://images.igdb.com/igdb/image/upload/t_cover_big/co1rt3.jpg;False;;Whatever
60;Blue Fire;0;https://www.robistudios.com/;https://images.igdb.com/igdb/image/upload/t_cover_big/co20ym.jpg;False;TBA;IndieDev
61;Borderlands 2;8,9;https://www.metacritic.com/game/pc/borderlands-2;https://images.igdb.com/igdb/image/upload/t_cover_big/co1rbh.jpg;False;Epic;FPS
62;BPM: Bullets Per Minute;7,5;https://www.metacritic.com/game/pc/bpm-bullets-per-minute;https://images.igdb.com/igdb/image/upload/t_cover_big/co25j2.jpg;False;;FPS
63;Braid;9,0;https://www.metacritic.com/game/pc/braid;https://images.igdb.com/igdb/image/upload/t_cover_big/duuhpuhde2tzhz9daco1.jpg;False;;Indie
64;Brawlhalla;7,0;https://www.metacritic.com/game/pc/brawlhalla;https://images.igdb.com/igdb/image/upload/t_cover_big/co1nmi.jpg;False;Steam;Co-op
65;Bright Memory;0;https://www.metacritic.com/game/pc/bright-memory-infinite;https://images.igdb.com/igdb/image/upload/t_cover_big/co1xvo.jpg;False;TBA;Not Released Yet
66;Broforce;8,3;https://www.metacritic.com/game/pc/broforce;https://images.igdb.com/igdb/image/upload/t_cover_big/co1m8b.jpg;False;;Co-op
67;Brothers: A Tale of Two Sons;9,0;https://www.metacritic.com/game/pc/brothers-a-tale-of-two-sons;https://images.igdb.com/igdb/image/upload/t_cover_big/co1rro.jpg;False;;Co-op
68;Brütal Legend;8,0;https://www.metacritic.com/game/pc/brutal-legend;https://images.igdb.com/igdb/image/upload/t_cover_big/co1r3w.jpg;False;;Action-RPG
69;Bulletstorm;8,2;https://www.metacritic.com/game/pc/bulletstorm;https://images.igdb.com/igdb/image/upload/t_cover_big/co1rbz.jpg;False;;FPS
70;Burn Me Twice;0;https://www.metacritic.com/game/pc/burn-me-twice;https://images.igdb.com/igdb/image/upload/t_cover_big/co229b.jpg;False;;Not Released - Indie
71;Call for Heroes;0;https://twitter.com/StudiosFizzypop;https://pbs.twimg.com/profile_images/1208813709058953217/fj2yFd41_400x400.png;False;;IndieDev
72;Call of Duty 4: Modern Warfare;9,2;https://www.metacritic.com/game/pc/call-of-duty-4-modern-warfare;https://images.igdb.com/igdb/image/upload/t_cover_big/co1wko.jpg;False;;Completed
73;Call of Duty: Black Ops 4;8,3;https://www.metacritic.com/game/pc/call-of-duty-black-ops-4;https://images.igdb.com/igdb/image/upload/t_cover_big/co1wkf.jpg;False;;FPS
74;Call Of Duty: Modern Warfare;8,1;https://www.metacritic.com/game/pc/call-of-duty-modern-warfare;https://images.igdb.com/igdb/image/upload/t_cover_big/co1rsg.jpg;False;;FPS
75;Call of Duty: Modern Warfare Remastered;8,6;https://www.metacritic.com/game/pc/call-of-duty-modern-warfare-remastered;https://images.igdb.com/igdb/image/upload/t_cover_big/co1wla.jpg;False;;FPS
76;Candleman;7,6;https://www.metacritic.com/game/pc/candleman-the-complete-journey;https://images.igdb.com/igdb/image/upload/t_cover_big/g6szwyu2xugjeijtqswb.jpg;False;;Indie
77;Castlevania: Lords of Shadow;8,1;https://www.metacritic.com/game/pc/castlevania-lords-of-shadow---ultimate-edition;https://images.igdb.com/igdb/image/upload/t_cover_big/co1nh2.jpg;False;;Action-Adventure
78;Cat Burglar: A Tail of Purrsuit;0;https://www.metacritic.com/game/pc/cat-burglar-a-tail-of-purrsuit;https://images.igdb.com/igdb/image/upload/t_cover_big/co1jpr.jpg;False;Steam Library;3D Platformer
79;Celeste;8,8;https://www.metacritic.com/game/pc/celeste;https://images.igdb.com/igdb/image/upload/t_cover_big/co1vcd.jpg;False;Epic Store;Indie
80;Chariot;7,6;https://www.metacritic.com/game/pc/chariot;https://images.igdb.com/igdb/image/upload/t_cover_big/co1quk.jpg;False;;Co-op
81;Chasm;7,2;https://www.metacritic.com/game/pc/chasm;https://images.igdb.com/igdb/image/upload/t_cover_big/co1r6k.jpg;False;;Indie
82;Children of Morta;8,2;https://www.metacritic.com/game/pc/children-of-morta;https://images.igdb.com/igdb/image/upload/t_cover_big/co1q4k.jpg;False;Co-op;Action-RPG
83;Chrono Sword;0;chronosword.com;https://pbs.twimg.com/profile_images/1065103742343626753/c9m4xK3D.jpg;False;;IndieDev
84;Chronos: Before the Ashes;0;https://www.metacritic.com/game/pc/chronos-before-the-ashes;https://steamcdn-a.akamaihd.net/steamcommunity/public/images/clans/38714076/12cfe412d535309d8037c64b07ae592c0b07a360_400x225.png;False;;Not Released Yet
85;Circle of Sumo;0;https://www.metacritic.com/game/pc/circle-of-sumo;https://pbs.twimg.com/profile_images/1180128099754790915/QW39AzBH_400x400.jpg;False;TBA 2020;Not Released - Indie
86;City of Brass;6,9;https://www.metacritic.com/game/pc/city-of-brass;https://images.igdb.com/igdb/image/upload/t_cover_big/co1j7v.jpg;False;Epic Store;Action-Adventure
87;Clive 'N' Wrench;0;https://www.metacritic.com/game/pc/clive-n-wrench;https://images.igdb.com/igdb/image/upload/t_cover_big/hyepuzkf9fheb60ozvhw.jpg;False;TBA;Not Released - Indie
88;Code Vein;7,1;https://www.metacritic.com/game/pc/code-vein;https://images.igdb.com/igdb/image/upload/t_cover_big/co1r69.jpg;False;;Action-RPG
89;Control;8,5;https://www.metacritic.com/game/pc/control;https://images.igdb.com/igdb/image/upload/t_cover_big/co1r6j.jpg;False;;Action-Adventure
90;Crash Bandicoot N. Sane Trilogy;7,6;https://www.metacritic.com/game/pc/crash-bandicoot-n-sane-trilogy;https://images.igdb.com/igdb/image/upload/t_cover_big/co1v62.jpg;False;;3D Platformer
91;Crown Trick;0;https://www.metacritic.com/game/pc/crown-trick;https://images.igdb.com/igdb/image/upload/t_cover_big/co1t3x.jpg;False;itch demo;Not Released - Indie
92;Crypt of the NecroDancer;8,7;https://www.metacritic.com/game/pc/crypt-of-the-necrodancer;https://images.igdb.com/igdb/image/upload/t_cover_big/co1o8b.jpg;False;;Indie
93;Crysis;9,1;https://www.metacritic.com/game/pc/crysis;https://images.igdb.com/igdb/image/upload/t_cover_big/co1rdw.jpg;False;;Completed
94;Crysis 2;8,6;https://www.metacritic.com/game/pc/crysis-2;https://images.igdb.com/igdb/image/upload/t_cover_big/co1rb3.jpg;False;;Completed
95;Crysis 3;7,6;https://www.metacritic.com/game/pc/crysis-3;https://images.igdb.com/igdb/image/upload/t_cover_big/co1tfm.jpg;False;;FPS
96;Cuphead;8,8;https://www.metacritic.com/game/pc/cuphead;https://images.igdb.com/igdb/image/upload/t_cover_big/co1rcx.jpg;False;;Indie
97;Curse of the Dead Gods;0;https://www.metacritic.com/game/pc/curse-of-the-dead-gods;https://images.igdb.com/igdb/image/upload/t_cover_big/co1zv7.jpg;False;;Action-RPG
98;Curse of the Sea Rats;0;https://www.metacritic.com/game/pc/curse-of-the-sea-rats;https://images.igdb.com/igdb/image/upload/t_cover_big/co1ojq.jpg;False;;Not Released - Indie
99;Cyberpunk 2077;0;https://www.metacritic.com/game/pc/cyberpunk-2077;https://images.igdb.com/igdb/image/upload/t_cover_big/co1rft.jpg;False;2020.09.17.;Not Released Yet
100;Dark Souls;8,5;https://www.metacritic.com/game/pc/dark-souls-prepare-to-die-edition;https://images.igdb.com/igdb/image/upload/t_cover_big/co1x78.jpg;False;;Playing
101;Dark Souls II;9,1;https://www.metacritic.com/game/pc/dark-souls-ii;https://images.igdb.com/igdb/image/upload/t_cover_big/co1vuy.jpg;False;Downloaded;Top
102;Dark Souls III;8,9;https://www.metacritic.com/game/pc/dark-souls-iii;https://images.igdb.com/igdb/image/upload/t_cover_big/co1vcf.jpg;False;Steam;Top
103;Darksiders;8,3;https://www.metacritic.com/game/pc/darksiders;https://images.igdb.com/igdb/image/upload/t_cover_big/co1n0i.jpg;False;Epic Store;Action-Adventure
104;Darksiders Genesis;7,7;https://www.metacritic.com/game/pc/darksiders-genesis;https://images.igdb.com/igdb/image/upload/t_cover_big/co1n1f.jpg;False;;Co-op
105;Darksiders II;8,1;https://www.metacritic.com/game/pc/darksiders-ii;https://images.igdb.com/igdb/image/upload/t_cover_big/co1wi5.jpg;False;Epic Store;Action-Adventure
106;Dauntless;7,9;https://www.metacritic.com/game/pc/dauntless;https://images.igdb.com/igdb/image/upload/t_cover_big/co1vcg.jpg;False;Epic Store;Action-RPG
107;Days Gone;7,1;https://www.metacritic.com/game/playstation-4/days-gone;https://images.igdb.com/igdb/image/upload/t_cover_big/co1izz.jpg;False;Play Station;Other Platform
108;Dead Cells;8,9;https://www.metacritic.com/game/pc/dead-cells;https://images.igdb.com/igdb/image/upload/t_cover_big/co1rgj.jpg;False;;Indie
109;Death Squared;7,8;https://www.metacritic.com/game/pc/death-squared;https://images.igdb.com/igdb/image/upload/t_cover_big/qrjrknu797scexyv0c0u.jpg;False;;Co-op
110;Deathloop;0;https://www.metacritic.com/game/pc/deathloop;https://images.igdb.com/igdb/image/upload/t_cover_big/co1u3w.jpg;False;TBA;Not Released Yet
111;Death's Gambit;7,1;https://www.metacritic.com/game/pc/deaths-gambit;https://images.igdb.com/igdb/image/upload/t_cover_big/yjwjquyd59z6vshldy98.jpg;False;;Indie
112;Deep Rock Galactic;8,5;https://www.metacritic.com/game/pc/deep-rock-galactic;https://images.igdb.com/igdb/image/upload/t_cover_big/co1i8a.jpg;False;;FPS
113;Degrees of Separation;7,4;https://www.metacritic.com/game/pc/degrees-of-separation;https://images.igdb.com/igdb/image/upload/t_cover_big/co1rhd.jpg;False;;Co-op
114;DERU - The Art of Cooperation;7,8;https://www.metacritic.com/game/pc/deru---the-art-of-cooperation;https://images.igdb.com/igdb/image/upload/t_cover_big/co1hbb.jpg;False;;Co-op
115;Destroy All Humans!;0;https://www.metacritic.com/game/pc/destroy-all-humans!;https://images.igdb.com/igdb/image/upload/t_cover_big/co1p8g.jpg;False;TBA 2020;Not Released Yet
116;Deus Ex: Mankind Divided;8,3;https://www.metacritic.com/game/pc/deus-ex-mankind-divided;https://images.igdb.com/igdb/image/upload/t_cover_big/co1qqz.jpg;False;;Action-Adventure
117;Devil May Cry 5;8,9;https://www.metacritic.com/game/pc/devil-may-cry-5;https://images.igdb.com/igdb/image/upload/t_cover_big/co1rb4.jpg;False;;Action-Adventure
118;Diablo II;8,8;https://www.metacritic.com/game/pc/diablo-ii;https://images.igdb.com/igdb/image/upload/t_cover_big/co1y4h.jpg;False;;Action-RPG
119;Diamond Hex;0;https://twitter.com/diamondhexgame;https://pbs.twimg.com/profile_images/1186461659742777346/-cJhlCVT_400x400.jpg;False;;IndieDev
120;Dishonored;9,1;https://www.metacritic.com/game/pc/dishonored;https://images.igdb.com/igdb/image/upload/t_cover_big/co1y2j.jpg;True;;Completed
121;Dishonored 2;8,6;https://www.metacritic.com/game/pc/dishonored-2;https://images.igdb.com/igdb/image/upload/t_cover_big/co1rb2.jpg;False;;Action-Adventure
122;Divinity: Original Sin;8,7;https://www.metacritic.com/game/pc/divinity-original-sin;https://images.igdb.com/igdb/image/upload/t_cover_big/co1qqs.jpg;False;;Action-RPG
123;DmC: Devil May Cry;8,5;https://www.metacritic.com/game/pc/dmc-devil-may-cry;https://images.igdb.com/igdb/image/upload/t_cover_big/co1u77.jpg;False;;Action-Adventure
124;DOOM;8,5;https://www.metacritic.com/game/pc/doom;https://images.igdb.com/igdb/image/upload/t_cover_big/co1nc7.jpg;False;;FPS
125;Dragon Age: Inquisition;8,5;https://www.metacritic.com/game/pc/dragon-age-inquisition;https://images.igdb.com/igdb/image/upload/t_cover_big/co1r7u.jpg;False;;Action-RPG
126;Dragon Age: Origins;9,1;https://www.metacritic.com/game/pc/dragon-age-origins;https://images.igdb.com/igdb/image/upload/t_cover_big/co1rcg.jpg;False;;Action-RPG
127;Dragon Quest Heroes II;7,6;https://www.metacritic.com/game/pc/dragon-quest-heroes-ii;https://images.igdb.com/igdb/image/upload/t_cover_big/co1u5h.jpg;False;;Action-Adventure
128;Dragon’s Eye;0;http://pixelmaverickgames.com/dragons-eye;https://pbs.twimg.com/profile_images/1233536200079761409/MD140PuV_400x400.jpg;False;;IndieDev
129;Dragon's Dogma: Dark Arisen;8,1;https://www.metacritic.com/game/pc/dragons-dogma-dark-arisen;https://images.igdb.com/igdb/image/upload/t_cover_big/co1qqy.jpg;False;;Action-RPG
130;Drake Hollow;0;https://www.metacritic.com/game/pc/drake-hollow;https://images.igdb.com/igdb/image/upload/t_cover_big/co1t9l.jpg;False;;Not Released - Indie
131;Dreamscaper;0;https://www.metacritic.com/game/pc/dreamscaper;https://images.igdb.com/igdb/image/upload/t_cover_big/co1w8o.jpg;False;2020 Q3;Not Released - Indie
132;Dying Light 2;0;https://www.metacritic.com/game/pc/dying-light-2;https://images.igdb.com/igdb/image/upload/t_cover_big/co1qr0.jpg;False;2020 Q4;Not Released Yet
133;DYO;0;https://www.metacritic.com/game/pc/dyo;https://images.igdb.com/igdb/image/upload/t_cover_big/f5wdxpzhyvcsmok4b5jz.jpg;False;Steam ??;Co-op
134;Effie;7,0;https://www.metacritic.com/game/pc/effie;https://images.igdb.com/igdb/image/upload/t_cover_big/co1lgd.jpg;False;;3D Platformer
135;Elden Ring;0;https://www.metacritic.com/game/pc/elden-ring;https://images.igdb.com/igdb/image/upload/t_cover_big/co1ly9.jpg;False;TBA;Not Released Yet
136;Eldest Souls;0;https://www.metacritic.com/game/pc/eldest-souls;https://assets1.ignimgs.com/2020/03/18/eldest-souls---button-fin-1584493367712.jpg;False;TBA 2020;Not Released - Indie
137;Eternal Edge +;0;https://www.metacritic.com/game/pc/eternal-edge-+;https://steamcdn-a.akamaihd.net/steamcommunity/public/images/clans/34606453/fc79bab21fbc0a02f9d7ae3a0c828df257a29c84_400x225.png;False;TBA 2020;Not Released - Indie
138;Eternal Hope;0;https://www.metacritic.com/game/pc/eternal-hope;https://pbs.twimg.com/media/EHa2-pBXYAAQl8U.png;False;TBA 2020;Not Released - Indie
139;Eternal Radiance;0;https://www.igdb.com/games/eternal-radiance;https://images.igdb.com/igdb/image/upload/t_cover_big/co1xma.jpg;False;;Action-RPG
140;Etherborn;6,9;https://www.metacritic.com/game/pc/etherborn;https://images.igdb.com/igdb/image/upload/t_cover_big/co1jaf.jpg;False;;3D Platformer
141;Evergate;0;https://www.metacritic.com/game/pc/evergate;https://images.igdb.com/igdb/image/upload/t_cover_big/co1irf.jpg;False;TBA;Not Released - Indie
142;Everwild;0;https://www.metacritic.com/game/pc/everwild;https://s2.gaming-cdn.com/images/products/5974/orig/everwild-xbox-one-cover.jpg;False;TBA;Not Released Yet
143;F.I.S.T.: Forged In Shadow Torch;0;https://www.metacritic.com/game/pc/fist-forged-in-shadow-torch;https://images.igdb.com/igdb/image/upload/t_cover_big/co2f5p.jpg;False;;Not Released - Indie
144;Fable;8,3;https://www.metacritic.com/game/pc/fable-the-lost-chapters;https://images.igdb.com/igdb/image/upload/t_cover_big/wgktdtajrkt9hw2khtih.jpg;False;;Action-RPG
145;Fading Skies;0;http://www.fadingskies.com/;https://images.igdb.com/igdb/image/upload/t_cover_big/nocover_qhhlj6.jpg;False;TBA ??;IndieDev
146;Fallen Angel;0;https://www.metacritic.com/game/pc/fallen-angel;https://steamcdn-a.akamaihd.net/steam/apps/1124560/header.jpg?t=1582326544;False;2020 Q3;Not Released - Indie
147;Far Cry 4;8,0;https://www.metacritic.com/game/pc/far-cry-4;https://images.igdb.com/igdb/image/upload/t_cover_big/co1vpc.jpg;False;;FPS
148;Far Cry 5;7,8;https://www.metacritic.com/game/pc/far-cry-5;https://images.igdb.com/igdb/image/upload/t_cover_big/co1vp8.jpg;False;;FPS
149;Fe;7,3;https://www.metacritic.com/game/pc/fe;https://images.igdb.com/igdb/image/upload/t_cover_big/qxnouzptm4u4nwtjnmkm.jpg;False;;3D Platformer
150;Felix the Reaper;7,1;https://www.metacritic.com/game/pc/felix-the-reaper;https://images.igdb.com/igdb/image/upload/t_cover_big/co1luq.jpg;False;;Indie
151;Fez;9,1;https://www.metacritic.com/game/pc/fez;https://images.igdb.com/igdb/image/upload/t_cover_big/co1rd9.jpg;False;Epic Store;Indie
152;Fifo's Night;0;https://www.metacritic.com/game/pc/fifos-night;https://pbs.twimg.com/profile_images/1142049145638838272/HWkaPEUL_400x400.png;True;TBA 2020;Not Released Yet
153;Final Fantasy VII Remake;0;https://www.metacritic.com/game/playstation-4/final-fantasy-vii-remake;https://images.igdb.com/igdb/image/upload/t_cover_big/co1qxr.jpg;False;2020.04.10.;Not Released Yet
154;Final Fantasy XVI;0;https://www.metacritic.com/game/pc/final-fantasy-xvi;https://images.igdb.com/igdb/image/upload/t_cover_big/co2grc.jpg;False;;Not Released Yet
155;FireMote;0;https://twitter.com/Fire_Mote;https://pbs.twimg.com/profile_images/1166639373783318530/E1oSlbaw_400x400.jpg;False;;IndieDev
156;Firewatch;8,1;https://www.metacritic.com/game/pc/firewatch;https://images.igdb.com/igdb/image/upload/t_cover_big/co1m35.jpg;False;;Indie
157;FlatOut 2;7,6;https://www.metacritic.com/game/pc/flatout-2;https://images.igdb.com/igdb/image/upload/t_cover_big/co1x52.jpg;False;;Completed
158;Flynn and Freckles;0;https://www.metacritic.com/game/pc/flynn-freckles;https://images.igdb.com/igdb/image/upload/t_cover_big/bzstrwznaaxe5gvk3c0h.jpg;False;;3D Platformer
159;Flynn: Son of Crimson;0;https://www.metacritic.com/game/pc/flynn-son-of-crimson;https://www.newgamesbox.net/wp-content/uploads/2018/03/Flynn-Son-Of-Crimson-Free-Download-Full-Version-PC-Setup.jpg;False;TBA 2020;Not Released - Indie
160;For The King;7,9;https://www.metacritic.com/game/pc/for-the-king;https://images.igdb.com/igdb/image/upload/t_cover_big/co1hxc.jpg;False;Epic Store - Low-Poly;Indie
161;Foregone;0;https://www.metacritic.com/game/pc/foregone;https://images.igdb.com/igdb/image/upload/t_cover_big/co1kt2.jpg;False;2021.05.01.;Not Released Yet
162;Frozen Flame;0;https://www.metacritic.com/game/pc/frozen-flame;https://images.igdb.com/igdb/image/upload/t_cover_big/co1r8p.jpg;False;;Not Released Yet
163;Gears 5;8,2;https://www.metacritic.com/game/pc/gears-5;https://images.igdb.com/igdb/image/upload/t_cover_big/co1r6v.jpg;False;;Action-Adventure
164;Genshin Impact;0;https://www.metacritic.com/game/pc/genshin-impact;https://images.igdb.com/igdb/image/upload/t_cover_big/co1ltz.jpg;False;TBA 2020;Not Released Yet
165;Ghost Knight: A Dark Tale;0;https://www.metacritic.com/game/pc/ghost-knight-a-dark-tale;https://steamcdn-a.akamaihd.net/steam/apps/1374810/capsule_616x353.jpg?t=1595861900;False;;Not Released - Indie
166;Ghost of a Tale;7,5;https://www.metacritic.com/game/pc/ghost-of-a-tale;https://images.igdb.com/igdb/image/upload/t_cover_big/jwuyq1umnsx7pppdk4c9.jpg;False;;Indie
167;Ghost of Tsushima;0;https://www.metacritic.com/game/playstation-4/ghost-of-tsushima;https://images.igdb.com/igdb/image/upload/t_cover_big/w80l1lft2lqorrnxxtfs.jpg;False;Play Station;Other Platform
168;Ghostrunner;0;https://www.metacritic.com/game/pc/ghostrunner;https://images.igdb.com/igdb/image/upload/t_cover_big/co1qua.jpg;False;TBA 2020;Not Released Yet
169;GhostWire: Tokyo;0;https://www.metacritic.com/game/pc/ghostwire-tokyo;https://images.igdb.com/igdb/image/upload/t_cover_big/co2a31.jpg;False;;Not Released Yet
170;Gigantosaurus The Game;0;https://www.metacritic.com/game/pc/gigantosaurus-the-game;https://images.igdb.com/igdb/image/upload/t_cover_big/co1yna.jpg;False;;Indie
171;God Eater 3;7,1;https://www.metacritic.com/game/pc/god-eater-3;https://images.igdb.com/igdb/image/upload/t_cover_big/co1hg9.jpg;False;;Action-RPG
172;God of War;9,4;https://www.metacritic.com/game/playstation-4/god-of-war;https://images.igdb.com/igdb/image/upload/t_cover_big/co1tmu.jpg;False;PlayStation;Other Platform
173;Godfall;0;https://www.metacritic.com/game/pc/godfall;https://images.igdb.com/igdb/image/upload/t_cover_big/co1v4t.jpg;False;2020 Q4;Not Released Yet
174;Gods & Monsters;0;https://www.metacritic.com/game/pc/gods-monsters;https://images.igdb.com/igdb/image/upload/t_cover_big/co1lyn.jpg;False;TBA;Not Released Yet
175;GoNNER;8,1;https://www.metacritic.com/game/pc/gonner;https://images.igdb.com/igdb/image/upload/t_cover_big/co1nsi.jpg;False;Epic Store;Indie
176;Gotham Knights;0;https://www.metacritic.com/game/pc/gotham-knights;https://images.igdb.com/igdb/image/upload/t_cover_big/co2fxr.jpg;False;;Not Released Yet
177;GRAVEN;0;https://www.metacritic.com/game/pc/graven;https://images.igdb.com/igdb/image/upload/t_cover_big/nocover_qhhlj6.jpg;False;;Not Released Yet
178;Gravity Rush 2;8,0;https://www.metacritic.com/game/playstation-4/gravity-rush-2;https://images.igdb.com/igdb/image/upload/t_cover_big/co1nmu.jpg;False;PlayStation 4;Other Platform
179;Greedfall;7,2;https://www.metacritic.com/game/pc/greedfall;https://images.igdb.com/igdb/image/upload/t_cover_big/co1ppo.jpg;False;;Action-RPG
180;Grim Dawn;8,3;https://www.metacritic.com/game/pc/grim-dawn;https://images.igdb.com/igdb/image/upload/t_cover_big/co1qr9.jpg;False;;Action-RPG
181;GRIS;8,4;https://www.metacritic.com/game/pc/gris;https://images.igdb.com/igdb/image/upload/t_cover_big/co1qv5.jpg;False;;Indie
182;Grow Home;7,5;https://www.metacritic.com/game/pc/grow-home;https://images.igdb.com/igdb/image/upload/t_cover_big/h5jxatqieoewqw9mm8th.jpg;False;;3D Platformer
183;Guacamelee!;8,8;https://www.metacritic.com/game/pc/guacamelee!-gold-edition;https://images.igdb.com/igdb/image/upload/t_cover_big/co1twq.jpg;False;;Indie
184;Guitar Hero III: Legends of Rock;7,9;https://www.metacritic.com/game/pc/guitar-hero-iii-legends-of-rock;https://images.igdb.com/igdb/image/upload/t_cover_big/co1wqm.jpg;False;;Completed
185;Gujian 3;7,7;https://www.metacritic.com/game/pc/gujian3;https://images.igdb.com/igdb/image/upload/t_cover_big/co1tcs.jpg;False;;Action-RPG
186;Hades;0;https://www.metacritic.com/game/pc/hades;https://images.igdb.com/igdb/image/upload/t_cover_big/co1qub.jpg;False;TBA - Early Access;Not Released - Indie
187;Halo Infinite;0;https://www.metacritic.com/game/pc/halo-infinite;https://images.igdb.com/igdb/image/upload/t_cover_big/co1u3x.jpg;False;2020 Q4;Not Released Yet
188;Halo: Reach Remastered;8,2;https://www.metacritic.com/game/pc/halo-reach-remastered;https://images.igdb.com/igdb/image/upload/t_cover_big/co1xha.jpg;False;+ Halo 4 Master Chief Collection;FPS
189;Hand of Fate 2;8,0;https://www.metacritic.com/game/pc/hand-of-fate-2;https://images.igdb.com/igdb/image/upload/t_cover_big/houdguxqcsll8pphiso7.jpg;False;;Action-RPG
190;Heart Forth, Alicia;0;http://www.alonsomartin.mx/hfa/;https://images.igdb.com/igdb/image/upload/t_cover_big/co1iw1.jpg;False;;Not Released - Indie
191;Heave Ho;7,6;https://www.metacritic.com/game/pc/heave-ho;https://images.igdb.com/igdb/image/upload/t_cover_big/co1k5n.jpg;False;;Co-op
192;Heavenworld;0;https://www.metacritic.com/game/pc/heavenworld;https://i0.wp.com/findgames.top/wp-content/uploads/2020/04/Heavenworld-Free-Download.jpg;False;Low-poly design;Not Released Yet
193;Hell Pie;0;https://www.metacritic.com/game/pc/hell-pie;https://images.igdb.com/igdb/image/upload/t_cover_big/co1xtn.jpg;False;TBA 2020;Not Released - Indie
194;Hellblade: Senua's Sacrifice;8,3;https://www.metacritic.com/game/pc/hellblade-senuas-sacrifice;https://images.igdb.com/igdb/image/upload/t_cover_big/co1rcw.jpg;False;;Action-Adventure
195;Hellpoint;0;https://www.metacritic.com/game/pc/hellpoint;https://images.igdb.com/igdb/image/upload/t_cover_big/co1q0o.jpg;False;2020.04.16;Not Released Yet
196;HEREDITY;0;https://twitter.com/HereditytheGame;https://pbs.twimg.com/profile_images/1247702677552758784/lrM1d6_0_400x400.jpg;False;;IndieDev
197;Hitman;8,3;https://www.metacritic.com/game/pc/hitman;https://images.igdb.com/igdb/image/upload/t_cover_big/co1nq3.jpg;False;;Action-Adventure
198;Hob;7,6;https://www.metacritic.com/game/pc/hob;https://images.igdb.com/igdb/image/upload/t_cover_big/co1n2l.jpg;False;;3D Platformer
199;Hogwarts Legacy;0;https://www.metacritic.com/game/pc/hogwarts-legacy;https://images.igdb.com/igdb/image/upload/t_cover_big/co2gn3.jpg;True;;Not Released Yet
200;Hollow Knight;8,7;https://www.metacritic.com/game/pc/hollow-knight;https://images.igdb.com/igdb/image/upload/t_cover_big/co1rgi.jpg;True;;Top
201;Hollow Knight: Silksong;0;https://www.metacritic.com/game/pc/hollow-knight-silksong;https://images.igdb.com/igdb/image/upload/t_cover_big/co1jb4.jpg;False;TBA;Not Released Yet
202;Hood: Outlaws & Legends;0;https://www.metacritic.com/game/pc/hood-outlaws-legends;https://cdn.cloudflare.steamstatic.com/steam/apps/927350/capsule_616x353.jpg?t=1600355830;False;;Not Released Yet
203;Horizon: Zero Dawn;8,9;https://www.metacritic.com/game/playstation-4/horizon-zero-dawn;https://images.igdb.com/igdb/image/upload/t_cover_big/co1izx.jpg;False;Play Station;Action-RPG
204;Hue;7,9;https://www.metacritic.com/game/pc/hue;https://images.igdb.com/igdb/image/upload/t_cover_big/co1z2v.jpg;False;;Indie
205;Human: Fall Flat;7,0;https://www.metacritic.com/game/pc/human-fall-flat;https://images.igdb.com/igdb/image/upload/t_cover_big/co1r7o.jpg;False;;Co-op
206;Hyper Light Drifter;8,4;https://www.metacritic.com/game/pc/hyper-light-drifter;https://images.igdb.com/igdb/image/upload/t_cover_big/co1rh3.jpg;False;Epic Store;Top
207;Hytale;0;https://www.metacritic.com/game/pc/hytale;https://images.igdb.com/igdb/image/upload/t_cover_big/co1r65.jpg;True;;Not Released Yet
208;Ibb && Obb;8,3;https://www.metacritic.com/game/pc/ibb-obb;https://images.igdb.com/igdb/image/upload/t_cover_big/co1qu9.jpg;False;;Co-op
209;Iconoclasts;8,7;https://www.metacritic.com/game/pc/iconoclasts;https://images.igdb.com/igdb/image/upload/t_cover_big/co1z2w.jpg;False;;Indie
210;inFamous;8,5;https://www.metacritic.com/game/playstation-3/infamous;https://images.igdb.com/igdb/image/upload/t_cover_big/co1snj.jpg;False;PlayStation 3;Other Platform
211;Injustice 2;8,6;https://www.metacritic.com/game/pc/injustice-2;https://images.igdb.com/igdb/image/upload/t_cover_big/co1xym.jpg;False;;Action-Adventure
212;Inmost;0;https://www.metacritic.com/game/pc/inmost;https://images.igdb.com/igdb/image/upload/t_cover_big/co1m55.jpg;False;TBA 2020;Not Released - Indie
213;Iron Danger;7,3;https://www.metacritic.com/game/pc/iron-danger;https://images.igdb.com/igdb/image/upload/t_cover_big/i19w76vupbcr5fmu7npe.jpg;False;;Action-RPG
214;Isle of Ewe;0;https://www.metacritic.com/game/pc/isle-of-ewe;https://steamcdn-a.akamaihd.net/steam/apps/1231590/header.jpg?t=1583137021;False;Steam Library;3D Platformer
215;It Takes Two;0;https://www.metacritic.com/game/pc/it-takes-two;https://images.igdb.com/igdb/image/upload/t_cover_big/co2aar.jpg;False;;Not Released - Indie
216;Ittle Dew 2;7,6;https://www.metacritic.com/game/pc/ittle-dew-2;https://images.igdb.com/igdb/image/upload/t_cover_big/wtvgudvymgzcx8qteqz4.jpg;False;;Indie
217;Jotun;7,9;https://www.metacritic.com/game/pc/jotun;https://images.igdb.com/igdb/image/upload/t_cover_big/co1jvo.jpg;False;;Whatever
218;Journey;9,2;https://www.metacritic.com/game/playstation-4/journey;https://images.igdb.com/igdb/image/upload/t_cover_big/co1q8q.jpg;False;;Indie
219;Journey to the Savage Planet;7,6;https://www.metacritic.com/game/pc/journey-to-the-savage-planet;https://images.igdb.com/igdb/image/upload/t_cover_big/co1pkf.jpg;False;;FPS
220;Katana ZERO;8,3;https://www.metacritic.com/game/pc/katana-zero;https://images.igdb.com/igdb/image/upload/t_cover_big/co1isp.jpg;False;;Indie
221;Kaze and the Wild Masks;0;https://www.metacritic.com/game/pc/kaze-and-the-wild-masks;https://images.igdb.com/igdb/image/upload/t_cover_big/co1t98.jpg;False;TBA 2020;Not Released - Indie
222;Kena: Bridge of Spirits;0;https://www.metacritic.com/game/pc/kena-bridge-of-spirits;https://images.igdb.com/igdb/image/upload/t_cover_big/co29lc.jpg;False;;Not Released Yet
223;Kingdom Come: Deliverance;7,6;https://www.metacritic.com/game/pc/kingdom-come-deliverance;https://images.igdb.com/igdb/image/upload/t_cover_big/co1rbb.jpg;False;Epic Store;Action-RPG
224;Kingdom Shell;0;https://www.metacritic.com/game/pc/kingdom-shell;https://images.igdb.com/igdb/image/upload/t_cover_big/co1rew.jpg;False;;Not Released - Indie
225;Kingdoms of Amalur: Reckoning;8,1;https://www.metacritic.com/game/pc/kingdoms-of-amalur-reckoning;https://images.igdb.com/igdb/image/upload/t_cover_big/co1hwi.jpg;False;Re-Reckoning??;Playing
226;KUNAI;7,9;https://www.metacritic.com/game/pc/kunai;https://images.igdb.com/igdb/image/upload/t_cover_big/co1y5z.jpg;False;;Indie
227;Kung Fu Pand;7,1;https://www.metacritic.com/game/pc/dreamworks-kung-fu-panda;https://images.igdb.com/igdb/image/upload/t_cover_big/co1z1g.jpg;False;;3D Platformer
228;Legend Of Cendrawasih Birds;0;https://www.instagram.com/dev.ata_game/;https://images.igdb.com/igdb/image/upload/t_cover_big/nocover_qhhlj6.jpg;False;dev.ata_game;IndieDev
229;Legend of Grimrock;8,2;https://www.metacritic.com/game/pc/legend-of-grimrock;https://images.igdb.com/igdb/image/upload/t_cover_big/co1mpw.jpg;False;Puzzles, turn-based;Action-RPG
230;Lego Marvel Super Heroes;7,8;https://www.metacritic.com/game/pc/lego-marvel-super-heroes;https://images.igdb.com/igdb/image/upload/t_cover_big/omy8grmzeljc32hfmdjr.jpg;False;+ Harry Potter, LotR;Co-op
231;Life Goes On: Done to Death;7,3;https://www.metacritic.com/game/pc/life-goes-on-done-to-death;https://images.igdb.com/igdb/image/upload/t_cover_big/owsyvbajrtzpoo27pmph.jpg;False;;Indie
232;Lightyears from Home;0;https://www.lightyearsfromhome.com/;https://pbs.twimg.com/profile_images/1063926669344354304/uSWrfQjq_400x400.jpg;False;TBA;IndieDev
233;Little Reaper;0;https://www.metacritic.com/game/pc/little-reaper;https://steamcdn-a.akamaihd.net/steam/apps/428170/header.jpg?t=1583837504;False;TBA;Not Released - Indie
234;Lords of the Fallen;7,3;https://www.metacritic.com/game/pc/lords-of-the-fallen;https://images.igdb.com/igdb/image/upload/t_cover_big/co1nzt.jpg;False;;Action-RPG
235;Lost in Random;0;https://www.metacritic.com/game/pc/lost-in-random;https://images.igdb.com/igdb/image/upload/t_cover_big/co2atc.jpg;False;;Not Released - Indie
236;Lost Words: Beyond the Page;0;https://www.metacritic.com/game/pc/lost-words-beyond-the-page;https://images.igdb.com/igdb/image/upload/t_cover_big/co1sum.jpg;False;;Not Released - Indie
237;Lovers in a Dangerous Spacetime;8,0;https://www.metacritic.com/game/pc/lovers-in-a-dangerous-spacetime;https://images.igdb.com/igdb/image/upload/t_cover_big/vrjub2tkqzqjc1gpyelu.jpg;False;;Co-op
238;Luigi's Mansion 3;8,6;https://www.metacritic.com/game/switch/luigis-mansion-3;https://images.igdb.com/igdb/image/upload/t_cover_big/co1rcc.jpg;False;Nintendo;Other Platform
239;Lumen;0;https://www.butterygames.com/lumen;https://images.igdb.com/igdb/image/upload/t_cover_big/nocover_qhhlj6.jpg;False;TBA;IndieDev
240;Lumote;0;https://www.metacritic.com/game/pc/lumote;https://images.igdb.com/igdb/image/upload/t_cover_big/co1wyq.jpg;False;???;3D Platformer
241;Mages of Mystralia;7,4;https://www.metacritic.com/game/pc/mages-of-mystralia;https://images.igdb.com/igdb/image/upload/t_cover_big/dkqoabfj9ka5p0vbeqie.jpg;False;;Action-Adventure
242;Magic: Legends;0;https://www.metacritic.com/game/pc/magic-legends;https://images.igdb.com/igdb/image/upload/t_cover_big/co1v52.jpg;False;TBA 2021;Not Released Yet
243;Magicka 2;6,9;https://www.metacritic.com/game/pc/magicka-2;https://images.igdb.com/igdb/image/upload/t_cover_big/co1qrv.jpg;False;;Action-Adventure
244;Manifold Garden;8,4;https://www.metacritic.com/game/pc/manifold-garden;https://images.igdb.com/igdb/image/upload/t_cover_big/co1s5y.jpg;False;;Indie
245;Mark of the Ninja: Remastered;8,0;https://www.metacritic.com/game/pc/mark-of-the-ninja-remastered;https://images.igdb.com/igdb/image/upload/t_cover_big/co1h1h.jpg;False;Good Stealth;Indie
246;Marvel's Avengers;0;https://www.metacritic.com/game/pc/marvels-avengers;https://images.igdb.com/igdb/image/upload/t_cover_big/co1zj8.jpg;False;2020.09.04;Not Released Yet
247;Marvel's Spider-Man;8,7;https://www.metacritic.com/game/playstation-4/marvels-spider-man;https://images.igdb.com/igdb/image/upload/t_cover_big/co1r77.jpg;False;PlayStation;Other Platform
248;Mask of Mists;0;https://www.metacritic.com/game/pc/mask-of-mists;https://media.moddb.com/images/games/1/73/72745/BoxIndieDB.png;False;2020.04.09.;Not Released - Indie
249;Mass Effect;8,9;https://www.metacritic.com/game/pc/mass-effect;https://images.igdb.com/igdb/image/upload/t_cover_big/co1x7o.jpg;False;;Action-RPG
250;Max: The Curse of Brotherhood;7,5;https://www.metacritic.com/game/pc/max-the-curse-of-brotherhood;https://images.igdb.com/igdb/image/upload/t_cover_big/co20ki.jpg;False;;Action-Adventure
251;Medieval Dynasty;0;https://www.metacritic.com/game/pc/medieval-dynasty;https://images.igdb.com/igdb/image/upload/t_cover_big/co1xuu.jpg;False;;Not Released Yet
252;MediEvil;6,7;https://www.metacritic.com/game/playstation-4/medievil;https://images.igdb.com/igdb/image/upload/t_cover_big/co1tjg.jpg;False;PlayStation 4;Other Platform
253;Metal Gear Solid V: The Phantom Pain;9,1;https://www.metacritic.com/game/pc/metal-gear-solid-v-the-phantom-pain;https://images.igdb.com/igdb/image/upload/t_cover_big/co1v85.jpg;False;;Action-Adventure
254;Middle-earth: Shadow of Mordor;8,4;https://www.metacritic.com/game/pc/middle-earth-shadow-of-mordor;https://images.igdb.com/igdb/image/upload/t_cover_big/co1r7d.jpg;False;;Action-Adventure
255;Middle-earth: Shadow of War;7,5;https://www.metacritic.com/game/pc/middle-earth-shadow-of-war;https://images.igdb.com/igdb/image/upload/t_cover_big/co1vyb.jpg;False;;Action-Adventure
256;Militsioner;0;https://www.metacritic.com/game/pc/militsioner;https://images.igdb.com/igdb/image/upload/t_cover_big/co2fy8.jpg;False;;Not Released - Indie
257;Minoria;7,3;https://www.metacritic.com/game/pc/minoria;https://images.igdb.com/igdb/image/upload/t_cover_big/co1lpl.jpg;False;;Indie
258;Mira's Tale;0;https://www.metacritic.com/game/pc/miras-tale;https://steamcdn-a.akamaihd.net/steam/apps/1224070/header.jpg?t=1585574869;False;2020 Q3;Not Released - Indie
259;Mirror's Edge;8,1;https://www.metacritic.com/game/pc/mirrors-edge;https://images.igdb.com/igdb/image/upload/t_cover_big/co1n5g.jpg;False;;Completed
260;Mirror's Edge Catalyst;7,4;https://www.metacritic.com/game/pc/mirrors-edge-catalyst;https://images.igdb.com/igdb/image/upload/t_cover_big/iqkyunuas57t65yszpby.jpg;False;;Action-Adventure
261;Mists of Noyah;0;https://www.metacritic.com/game/pc/mists-of-noyah;https://images.igdb.com/igdb/image/upload/t_cover_big/co20nr.jpg;False;TBA;Not Released - Indie
262;Monster Hunter: World;8,8;https://www.metacritic.com/game/pc/monster-hunter-world;https://images.igdb.com/igdb/image/upload/t_cover_big/co1rst.jpg;False;;Action-RPG
263;Moonlighter;7,4;https://www.metacritic.com/game/pc/moonlighter;https://images.igdb.com/igdb/image/upload/t_cover_big/co1vck.jpg;False;Epic Store;Indie
264;Mortal Shell;0;https://www.metacritic.com/game/pc/mortal-shell;https://images.igdb.com/igdb/image/upload/t_cover_big/co227z.jpg;False;;Not Released Yet
265;Moving Out;0;https://www.metacritic.com/game/pc/moving-out;https://images.igdb.com/igdb/image/upload/t_cover_big/co1xlt.jpg;False;;Co-op
266;Naraka: Bladepoint;0;https://www.metacritic.com/game/pc/naraka-bladepoint;https://images.igdb.com/igdb/image/upload/t_cover_big/co1v50.jpg;False;TBA 2020;Not Released Yet
267;Naxia;0;https://www.metacritic.com/game/pc/naxia;https://images.igdb.com/igdb/image/upload/t_cover_big/co1kuv.jpg;False;TBA - Early Access;Indie
268;Never Alone;7,2;https://www.metacritic.com/game/pc/never-alone;https://images.igdb.com/igdb/image/upload/t_cover_big/j2x4yxhm5ofcmhthuhiw.jpg;False;;Co-op
269;Neversong;7,5;https://www.metacritic.com/game/pc/neversong;https://images.igdb.com/igdb/image/upload/t_cover_big/co2b9m.jpg;False;;Indie
270;Neverwinter;7,4;https://www.metacritic.com/game/pc/neverwinter;https://images.igdb.com/igdb/image/upload/t_cover_big/co1i7x.jpg;False;;Action-RPG
271;Ni no Kuni II: Revenant Kingdom;8,1;https://www.metacritic.com/game/pc/ni-no-kuni-ii-revenant-kingdom;https://images.igdb.com/igdb/image/upload/t_cover_big/hjkzqjuawa3c3hzwonio.jpg;False;;Action-RPG
272;NieR: Automata;8,4;https://www.metacritic.com/game/pc/nier-automata;https://images.igdb.com/igdb/image/upload/t_cover_big/qhok1pi6egmfizjjii7r.jpg;True;;Top
273;Nioh;8,4;https://www.metacritic.com/game/pc/nioh-complete-edition;https://images.igdb.com/igdb/image/upload/t_cover_big/pdylrprr4wt2us7cbsww.jpg;True;;Top
274;Noita;0;https://www.metacritic.com/game/pc/noita;https://images.igdb.com/igdb/image/upload/t_cover_big/co1qp1.jpg;False;TBA - Early Access;Not Released - Indie
275;Oceanhorn: Monster of Uncharted Seas;7,4;https://www.metacritic.com/game/pc/oceanhorn-monster-of-uncharted-seas;https://images.igdb.com/igdb/image/upload/t_cover_big/co1qtl.jpg;False;;Action-Adventure
276;Ōkami;9,2;https://www.metacritic.com/game/pc/okami-hd;https://images.igdb.com/igdb/image/upload/t_cover_big/xgevansdcnw1ggleszka.jpg;False;;Action-Adventure
277;Omno;0;https://www.metacritic.com/game/pc/omno;https://images.igdb.com/igdb/image/upload/t_cover_big/co1her.jpg;True;TBA 2020;Not Released - Indie
278;Onirike;0;https://www.metacritic.com/game/pc/onirike;https://images.igdb.com/igdb/image/upload/t_cover_big/co1y4n.jpg;False;Q4 2020;Not Released - Indie
279;Onrush;7,5;https://www.metacritic.com/game/playstation-4/onrush;https://images.igdb.com/igdb/image/upload/t_cover_big/rbxvrbcpaurjeitjhhro.jpg;False;;Whatever
280;Ori and the Blind Forest;8,8;https://www.metacritic.com/game/pc/ori-and-the-blind-forest;https://images.igdb.com/igdb/image/upload/t_cover_big/co1y41.jpg;False;Steam;Indie
281;Outland;7,9;https://www.metacritic.com/game/pc/outland;https://images.igdb.com/igdb/image/upload/t_cover_big/mkyt4nbgmxo6wyt0iqv2.jpg;False;;Indie
282;Outriders;0;https://www.metacritic.com/game/pc/outriders;https://images.igdb.com/igdb/image/upload/t_cover_big/co1lxt.jpg;False;2020 Q4;Not Released Yet
283;Outward;6,9;https://www.metacritic.com/game/pc/outward;https://images.igdb.com/igdb/image/upload/t_cover_big/co1iui.jpg;False;;Whatever
284;Overcooked! 2;8,0;https://www.metacritic.com/game/pc/overcooked!-2;https://images.igdb.com/igdb/image/upload/t_cover_big/co1usu.jpg;False;;Co-op
285;Owlboy;8,8;https://www.metacritic.com/game/pc/owlboy;https://images.igdb.com/igdb/image/upload/t_cover_big/co1nc2.jpg;False;;Indie
286;Party Golf;7,0;https://www.metacritic.com/game/pc/party-golf;https://images.igdb.com/igdb/image/upload/t_cover_big/co1lmm.jpg;False;;Co-op
287;Pile Up;0;https://www.metacritic.com/game/pc/pile-up;https://steamcdn-a.akamaihd.net/steam/apps/1109820/header.jpg?t=1580997082;False;TBA;Not Released - Indie
288;Pillars of Eternity;8,9;https://www.metacritic.com/game/pc/pillars-of-eternity;https://images.igdb.com/igdb/image/upload/t_cover_big/co1rgm.jpg;False;;Action-RPG
289;Pine;7,0;https://www.metacritic.com/game/pc/pine;https://images.igdb.com/igdb/image/upload/t_cover_big/co1i9s.jpg;False;??;Indie
290;Pode;7,6;https://www.metacritic.com/game/pc/pode;https://images.igdb.com/igdb/image/upload/t_cover_big/otcpwyeed1gl33kcyq2m.jpg;False;;Co-op
291;Poi;7,1;https://www.metacritic.com/game/playstation-4/poi;https://images.igdb.com/igdb/image/upload/t_cover_big/co1mc1.jpg;False;;3D Platformer
292;Portal 2;9,5;https://www.metacritic.com/game/pc/portal-2;https://images.igdb.com/igdb/image/upload/t_cover_big/co1rs4.jpg;False;;FPS
293;Praey for the Gods;0;https://www.metacritic.com/game/pc/praey-for-the-gods;https://images.igdb.com/igdb/image/upload/t_cover_big/jgksyzxpzyumnc7iwglm.jpg;False;TBA - Early Access;Not Released - Indie
294;Prey;8,2;https://www.metacritic.com/game/pc/prey;https://images.igdb.com/igdb/image/upload/t_cover_big/pzgwdpvoww1nrlkv7d5x.jpg;False;;FPS
295;Project Athia;0;https://www.metacritic.com/game/pc/project-athia;https://images.igdb.com/igdb/image/upload/t_cover_big/co29m2.jpg;False;;Not Released Yet
296;Project Athia;0;https://www.metacritic.com/game/pc/project-athia;https://images.igdb.com/igdb/image/upload/t_cover_big/co29m2.jpg;False;;Not Released Yet
297;Project Beyonder;0;https://twitter.com/Nestach;https://pbs.twimg.com/media/EIs2tGgXkAAtTua?format=jpg&name=large;False;;IndieDev
298;Project Grove;0;https://www.metacritic.com/game/pc/project-grove-chapter-1;https://giantbomb1.cbsistatic.com/uploads/scale_medium/45/457525/3168120-giant%20bomb%20box%20art.png;False;TBA;IndieDev
299;Project Monolith;0;http://c2gamestudio.com/?page_id=96;https://cdnb.artstation.com/p/assets/images/images/021/698/971/large/danu-navarro-poster-v4.jpg?1572622669;False;TBA;IndieDev
300;Project: Longtail;0;http://longtailgame.com/;https://pbs.twimg.com/profile_images/1045722375822692352/npecSpKZ_400x400.jpg;False;;IndieDev
301;Prototype;7,9;https://www.metacritic.com/game/pc/prototype;https://images.igdb.com/igdb/image/upload/t_cover_big/co1ql2.jpg;False;;Completed
302;Psychonauts;0;https://www.metacritic.com/game/pc/psychonauts-2;https://images.igdb.com/igdb/image/upload/t_cover_big/co1sod.jpg;False;TBA 2020;Not Released Yet
303;Pummel Party;7,0;https://www.metacritic.com/game/pc/pummel-party;https://images.igdb.com/igdb/image/upload/t_cover_big/co1p9x.jpg;False;4-8 Players;Co-op
304;Pumpkin Jack;0;https://www.metacritic.com/game/pc/pumpkin-jack;https://images.igdb.com/igdb/image/upload/t_cover_big/co202h.jpg;False;2020 Q4;Not Released Yet
305;Q.U.B.E. 2;7,6;https://www.metacritic.com/game/pc/qube-2;https://images.igdb.com/igdb/image/upload/t_cover_big/noqlmmaan8evrej63a9t.jpg;False;Epic Store;Indie
306;Quantum Conundrum;7,7;https://www.metacritic.com/game/pc/quantum-conundrum;https://images.igdb.com/igdb/image/upload/t_cover_big/xtqeqvoefswiufaebu8f.jpg;False;;3D Platformer
307;Quiplash;7,6;https://www.metacritic.com/game/pc/quiplash;https://images.igdb.com/igdb/image/upload/t_cover_big/pxh2it5sw7l3mpw7whoc.jpg;False;;Whatever
308;Rad Venture;0;https://knick-knack-games.itch.io/radventure;https://cdna.artstation.com/p/assets/images/images/024/305/354/medium/brandt-howard-rx-logo-show-1.jpg?1581986471;False;TBA;IndieDev
309;Radiant Blade;0;https://radiantblade.com/;https://radiantblade.com/img/Artworks/Radiant_Blade_Artwork_-_Biome1.jpg;False;;IndieDev
310;Raji: An Ancient Epic;0;https://www.metacritic.com/game/pc/raji-an-ancient-epic;https://images.igdb.com/igdb/image/upload/t_cover_big/gohtc7pa5gjatrlerecy.jpg;False;2020 Q2;Not Released - Indie
311;Ratchet & Clank;8,5;https://www.metacritic.com/game/playstation-4/ratchet-clank;https://images.igdb.com/igdb/image/upload/t_cover_big/co1ifs.jpg;False;PlayStation 4;Other Platform
312;Rayman Legends;8,9;https://www.metacritic.com/game/pc/rayman-legends;https://images.igdb.com/igdb/image/upload/t_cover_big/co1tkj.jpg;False;U-Play;Co-op
313;ReCore;5,8;https://www.metacritic.com/game/pc/recore;https://images.igdb.com/igdb/image/upload/t_cover_big/noa3rfcrwyejaternpgi.jpg;False;;Whatever
314;Red Dead Redemption 2;9,3;https://www.metacritic.com/game/pc/red-dead-redemption-2;https://images.igdb.com/igdb/image/upload/t_cover_big/co1q1f.jpg;False;;Action-RPG
315;Relicta;0;https://www.metacritic.com/game/pc/relicta;https://steamcdn-a.akamaihd.net/steam/apps/941570/header.jpg?t=1584091457;False;TBA 2020;Not Released - Indie
316;Remember Me;6,5;https://www.metacritic.com/game/pc/remember-me;https://images.igdb.com/igdb/image/upload/t_cover_big/co1o9i.jpg;False;;Whatever
317;Remnant: From the Ashes;7,8;https://www.metacritic.com/game/pc/remnant-from-the-ashes;https://images.igdb.com/igdb/image/upload/t_cover_big/co1m4w.jpg;False;;Action-Adventure
318;Revita;0;https://twitter.com/BenstarDEV;https://encrypted-tbn0.gstatic.com/images?q=tbn:ANd9GcQGifPWjqzJiFR8gIEqzKLlEpxdhayv2K2eYwne4aeT0E3zr3dd0A&s;False;;IndieDev
319;Riftworld;0;https://twitter.com/Paladino954;https://pbs.twimg.com/profile_banners/834807699351142401/1581835152/600x200;False;;IndieDev
320;RiME;7,8;https://www.metacritic.com/game/pc/rime;https://images.igdb.com/igdb/image/upload/t_cover_big/co1rcl.jpg;False;Epic Store;Indie
321;Rise of the Tomb Raider;8,6;https://www.metacritic.com/game/pc/rise-of-the-tomb-raider;https://images.igdb.com/igdb/image/upload/t_cover_big/co1rqa.jpg;False;;Action-Adventure
322;Risen 3: Titan Lords;6,5;https://www.metacritic.com/game/pc/risen-3-titan-lords;https://images.igdb.com/igdb/image/upload/t_cover_big/as34q2cqncjy69y5wjer.jpg;False;;Whatever
323;Rogue Legacy;8,5;https://www.metacritic.com/game/pc/rogue-legacy;https://images.igdb.com/igdb/image/upload/t_cover_big/b8mz09waqqzvcyrtgbda.jpg;False;;Indie
324;Rune Fencer Illyia;0;https://www.metacritic.com/game/pc/rune-fencer-illyia;https://images.igdb.com/igdb/image/upload/t_cover_big/co1xtk.jpg;False;TBA;Not Released - Indie
325;Salt and Sanctuary;8,4;https://www.metacritic.com/game/pc/salt-and-sanctuary;https://images.igdb.com/igdb/image/upload/t_cover_big/xszzunhatlbhoeznqovc.jpg;False;;Indie
326;Samurai Jack: Battle Through Time;0;https://www.metacritic.com/game/pc/samurai-jack-battle-through-time;https://images.igdb.com/igdb/image/upload/t_cover_big/co206e.jpg;False;2020 Q3;Not Released Yet
327;SCARF;0;https://www.metacritic.com/game/pc/scarf;https://images.igdb.com/igdb/image/upload/t_cover_big/co1xt7.jpg;False;TBA 2020;Not Released - Indie
328;ScourgeBringer;0;https://www.metacritic.com/game/pc/scourgebringer;https://images.igdb.com/igdb/image/upload/t_cover_big/co1pvi.jpg;False;;Indie
329;Sea of Stars;0;https://www.metacritic.com/game/pc/sea-of-stars;https://images.igdb.com/igdb/image/upload/t_cover_big/co215b.jpg;False;TBA 2022;Not Released - Indie
330;Sekiro: Shadows Die Twice;8,8;https://www.metacritic.com/game/pc/sekiro-shadows-die-twice;https://images.igdb.com/igdb/image/upload/t_cover_big/co1j0g.jpg;False;;Top
331;Shadow of the Colossus;9,1;https://www.metacritic.com/game/playstation-4/shadow-of-the-colossus;https://images.igdb.com/igdb/image/upload/t_cover_big/lnvnwvjb45gdkhnw6gew.jpg;False;PlayStation 4;Other Platform
332;Shadow of the Tomb Raider;7,7;https://www.metacritic.com/game/pc/shadow-of-the-tomb-raider;https://images.igdb.com/igdb/image/upload/t_cover_big/co1vcn.jpg;False;;Action-Adventure
333;Shadow Warrior 2;7,8;https://www.metacritic.com/game/pc/shadow-warrior-2;https://images.igdb.com/igdb/image/upload/t_cover_big/co1z3s.jpg;False;;Action-Adventure
334;Shady Knight;0;https://cptnsigh.itch.io/shady-knight;https://pbs.twimg.com/profile_banners/888447009555972097/1546694841/1500x500;False;;Not Released - Indie
335;Shattered - Tale of the Forgotten King;0;https://www.metacritic.com/game/pc/shattered---tale-of-the-forgotten-king;https://images.igdb.com/igdb/image/upload/t_cover_big/co1mkd.jpg;False;TBA - Early Access;Indie
336;Shift Happens;7,6;https://www.metacritic.com/game/pc/shift-happens;https://images.igdb.com/igdb/image/upload/t_cover_big/co1mco.jpg;False;;Co-op
337;Shovel Knight;8,5;https://www.metacritic.com/game/pc/shovel-knight;https://images.igdb.com/igdb/image/upload/t_cover_big/co1p9i.jpg;False;;Indie
338;Singularity;7,6;https://www.metacritic.com/game/pc/singularity;https://images.igdb.com/igdb/image/upload/t_cover_big/co1r7l.jpg;False;;FPS
339;Sizeable;0;https://sarrus.itch.io/sizeable;https://pbs.twimg.com/profile_images/1241368203957338112/gbynrE6U_400x400.png;False;great low poly;IndieDev
340;Skelattack;0;https://www.metacritic.com/game/pc/skelattack;https://images.igdb.com/igdb/image/upload/t_cover_big/tdlxucrtb6ssyhpmhwc7.jpg;False;TBA 2020;Not Released - Indie
341;Skies of the Past;0;https://www.sebirit.com/#skies;https://pbs.twimg.com/profile_images/1075485789750992902/UybQppnX_400x400.jpg;False;;IndieDev
342;Skul: The Hero Slayer;0;https://www.metacritic.com/game/pc/skul-the-hero-slayer;https://images.igdb.com/igdb/image/upload/t_cover_big/co1xh4.jpg;False;Early Access;Indie
343;Skully;6,2;https://www.metacritic.com/game/pc/skully;https://images.igdb.com/igdb/image/upload/t_cover_big/co27l1.jpg;False;;3D Platformer
344;Skylar & Plux;6,8;https://www.metacritic.com/game/pc/skylar-plux-adventure-on-clover-island;https://images.igdb.com/igdb/image/upload/t_cover_big/oi3bb6kynv2tzlnshu6o.jpg;False;;3D Platformer
345;Snake Pass;7,1;https://www.metacritic.com/game/pc/snake-pass;https://images.igdb.com/igdb/image/upload/t_cover_big/co1tvh.jpg;False;Steam;3D Platformer
346;Sniper Elite 4;7,8;https://www.metacritic.com/game/pc/sniper-elite-4;https://images.igdb.com/igdb/image/upload/t_cover_big/co1ohp.jpg;False;;FPS
347;Sniper Ghost Warrior Contracts;7,1;https://www.metacritic.com/game/pc/sniper-ghost-warrior-contracts;https://images.igdb.com/igdb/image/upload/t_cover_big/co1ts7.jpg;False;;FPS
348;Solar Ash;0;https://www.metacritic.com/game/pc/solar-ash;https://images.igdb.com/igdb/image/upload/t_cover_big/co1jqe.jpg;False;;Not Released Yet
349;Solasta: Crown of the Magister;0;https://www.metacritic.com/game/pc/solasta-crown-of-the-magister;https://images.igdb.com/igdb/image/upload/t_cover_big/co1qu4.jpg;False;;Not Released Yet
350;Sorcery;7,0;https://www.metacritic.com/game/playstation-3/sorcery;https://images.igdb.com/igdb/image/upload/t_cover_big/jndb6ubei2osrdeyuejy.jpg;False;PlayStation 3;Other Platform
351;Soulborn;0;https://pixelmadstudios.com/project/soulborn/;https://images.igdb.com/igdb/image/upload/t_cover_big/co23cy.jpg;False;;Not Released - Indie
352;Spec Ops: The Line;7,6;https://www.metacritic.com/game/pc/spec-ops-the-line;https://images.igdb.com/igdb/image/upload/t_cover_big/co2acb.jpg;False;;FPS
353;Spelunky;9,0;https://www.metacritic.com/game/pc/spelunky;https://images.igdb.com/igdb/image/upload/t_cover_big/co1wms.jpg;False;;Indie
354;Spirit of the North;0;https://www.metacritic.com/game/pc/spirit-of-the-north;https://images.igdb.com/igdb/image/upload/t_cover_big/co1vh9.jpg;False;;Not Released - Indie
355;Spyro Reignited Trilogy;7,5;https://www.metacritic.com/game/pc/spyro-reignited-trilogy;https://images.igdb.com/igdb/image/upload/t_cover_big/co1tjo.jpg;True;;3D Platformer
356;Star Wars Jedi: The Fallen Order;8,1;https://www.metacritic.com/game/pc/star-wars-jedi-fallen-order;https://images.igdb.com/igdb/image/upload/t_cover_big/co1rbi.jpg;False;;Top
357;Steep;7,2;https://www.metacritic.com/game/pc/steep;https://images.igdb.com/igdb/image/upload/t_cover_big/hwan8wag6ype4xpiu1gv.jpg;False;Epic Store;Whatever
358;Stray;0;https://www.metacritic.com/game/pc/stray;https://images.igdb.com/igdb/image/upload/t_cover_big/co29lb.jpg;False;;Not Released - Indie
359;Styx: Shards of Darkness;7,2;https://www.metacritic.com/game/playstation-4/styx-shards-of-darkness;https://images.igdb.com/igdb/image/upload/t_cover_big/co1n0u.jpg;False;;Action-Adventure
360;Sundered: Eldritch Edition;7,4;https://www.metacritic.com/game/pc/sundered;https://images.igdb.com/igdb/image/upload/t_cover_big/aq6qahkwjzwgdppbydcc.jpg;False;Epic Store;Indie
361;Super Lucky's Tale;5,9;https://www.metacritic.com/game/pc/super-luckys-tale;https://images.igdb.com/igdb/image/upload/t_cover_big/ikeddwyuv4fpla2ybwa1.jpg;False;;3D Platformer
362;Super Meat Boy;8,7;https://www.metacritic.com/game/pc/super-meat-boy;https://images.igdb.com/igdb/image/upload/t_cover_big/htvoqoyhppqlrjto0ixz.jpg;False;;Indie
363;SUPERHOT;8,2;https://www.metacritic.com/game/pc/superhot;https://images.igdb.com/igdb/image/upload/t_cover_big/co1v97.jpg;False;Epic Store;FPS
364;Supraland;8,5;https://www.metacritic.com/game/pc/supraland;https://images.igdb.com/igdb/image/upload/t_cover_big/co1vq7.jpg;False;;3D Platformer
365;Suzy Cube;0;https://www.metacritic.com/game/pc/suzy-cube;https://images.igdb.com/igdb/image/upload/t_cover_big/co1zfr.jpg;False;;3D Platformer
366;Swordcery;0;http://swordcerygame.com/;https://pbs.twimg.com/profile_images/1131826134977470465/y8DDIRX-_400x400.png;True;TBA;IndieDev
367;Swords 'n Magic and Stuff;0;https://www.metacritic.com/game/pc/swords-n-magic-and-stuff;https://images.igdb.com/igdb/image/upload/t_cover_big/co20rc.jpg;False;TBA 2020;Not Released - Indie
368;Tales of Arise;0;https://www.metacritic.com/game/pc/tales-of-arise;https://images.igdb.com/igdb/image/upload/t_cover_big/co1lw2.jpg;False;;Not Released Yet
369;Tales of Berseria;8,0;https://www.metacritic.com/game/pc/tales-of-berseria;https://images.igdb.com/igdb/image/upload/t_cover_big/co1rk1.jpg;False;;Action-RPG
370;Tamarin;0;https://www.metacritic.com/game/pc/tamarin;https://images.igdb.com/igdb/image/upload/t_cover_big/co1kyk.jpg;False;2020.04.;3D Platformer
371;The Adventure Pals;7,8;https://www.metacritic.com/game/pc/the-adventure-pals;https://images.igdb.com/igdb/image/upload/t_cover_big/pg3bdt5yyt9ndj43nifw.jpg;False;;Indie
372;The Almost Gone;0;https://www.metacritic.com/game/pc/the-almost-gone;https://images.igdb.com/igdb/image/upload/t_cover_big/edcrplqqqyj2cvzijxno.jpg;False;TBA 2020;Not Released - Indie
373;The Ambassador;0;https://www.metacritic.com/game/pc/the-ambassador;https://images.squarespace-cdn.com/content/5c95f8d416b640656eb7765a/1578994347509-COWS5BCHLPWVLIKR6X3A/1080.png?format=1500w&content-type=image%2Fpng;False;TBA 2020;Not Released - Indie
374;The Elder Scrolls V: Skyrim;9,4;https://www.metacritic.com/game/pc/the-elder-scrolls-v-skyrim;https://images.igdb.com/igdb/image/upload/t_cover_big/co1tnw.jpg;False;;Playing
375;The Forgotten City;0;https://www.metacritic.com/game/pc/the-forgotten-city;https://images.igdb.com/igdb/image/upload/t_cover_big/co1ibe.jpg;False;2020 Q1;Not Released Yet
376;The Gunk;0;https://www.metacritic.com/game/pc/the-gunk;https://images.igdb.com/igdb/image/upload/t_cover_big/co2e56.jpg;False;;Not Released - Indie
377;The Last Campfire;0;https://www.metacritic.com/game/pc/the-last-campfire;https://images.igdb.com/igdb/image/upload/t_cover_big/co1i26.jpg;False;;3D Platformer
378;The Last Guardian;8,2;https://www.metacritic.com/game/playstation-4/the-last-guardian;https://images.igdb.com/igdb/image/upload/t_cover_big/co1sru.jpg;False;PlayStation 4;Other Platform
379;The Last of Us Remastered;9,5;https://www.metacritic.com/game/playstation-4/the-last-of-us-remastered;https://images.igdb.com/igdb/image/upload/t_cover_big/co1ile.jpg;False;PlayStation 4;Other Platform
380;The Legend of Zelda: Breath of the Wild;9,7;https://www.metacritic.com/game/switch/the-legend-of-zelda-breath-of-the-wild;https://images.igdb.com/igdb/image/upload/t_cover_big/co1vcp.jpg;False;Nintendo;Other Platform
381;The Long Dark;7,7;https://www.metacritic.com/game/pc/the-long-dark;https://images.igdb.com/igdb/image/upload/t_cover_big/co1vga.jpg;False;;Indie
382;The Long Return;0;https://www.metacritic.com/game/pc/the-long-return;https://images.igdb.com/igdb/image/upload/t_cover_big/co1r41.jpg;False;;Indie
383;The Lord Of The Rings - Gollum;0;https://www.metacritic.com/game/pc/the-lord-of-the-rings---gollum;https://images.igdb.com/igdb/image/upload/t_cover_big/co1jzw.jpg;False;TBA 2021;Not Released Yet
384;The Orange Box;9,6;https://www.metacritic.com/game/pc/the-orange-box;https://images.igdb.com/igdb/image/upload/t_cover_big/co1w5v.jpg;False;;Completed
385;The Outer Worlds;8,2;https://www.metacritic.com/game/pc/the-outer-worlds;https://images.igdb.com/igdb/image/upload/t_cover_big/co1s7h.jpg;False;;FPS
386;The Pathless;0;https://www.metacritic.com/game/pc/the-pathless;https://images.igdb.com/igdb/image/upload/t_cover_big/co1i29.jpg;False;TBA;Not Released Yet
387;The Serpent Rogue;0;http://sengigames.com/;https://pbs.twimg.com/profile_images/1068620307873828872/bc5UgdnZ_400x400.jpg;False;;IndieDev
388;The Surge;7,2;https://www.metacritic.com/game/pc/the-surge;https://images.igdb.com/igdb/image/upload/t_cover_big/co1odu.jpg;False;;Action-RPG
389;The Surge 2;7,6;https://www.metacritic.com/game/pc/the-surge-2;https://images.igdb.com/igdb/image/upload/t_cover_big/co1y0k.jpg;False;;Action-RPG
390;The Tarnishing of Juxtia;0;https://twitter.com/ttojgame;https://pbs.twimg.com/profile_images/1177641923156353024/vi-IuegI_400x400.png;False;;IndieDev
391;The Unfinished Swan;8,3;https://www.metacritic.com/game/playstation-4/the-unfinished-swan;https://images.igdb.com/igdb/image/upload/t_cover_big/lmeaq17rgko5x0deaqal.jpg;False;;Indie
392;The Unliving;0;https://www.metacritic.com/game/pc/the-unliving;https://images.igdb.com/igdb/image/upload/t_cover_big/co28iu.jpg;False;;Not Released - Indie
393;The Waylanders;0;https://www.metacritic.com/game/pc/the-waylanders;https://images.igdb.com/igdb/image/upload/t_cover_big/co1h5o.jpg;False;TBA 2020;Not Released - Indie
394;The Witcher 3;9,3;https://www.metacritic.com/game/pc/the-witcher-3-wild-hunt;https://images.igdb.com/igdb/image/upload/t_cover_big/co1wyy.jpg;False;;Playing
395;The Witness;8,7;https://www.metacritic.com/game/pc/the-witness;https://images.igdb.com/igdb/image/upload/t_cover_big/co1nc1.jpg;False;;Indie
396;Thief;7,0;https://www.metacritic.com/game/pc/thief;https://images.igdb.com/igdb/image/upload/t_cover_big/lbhnmm5tueeaf7ypx8dl.jpg;False;;Action-Adventure
397;Thomas Was Alone;7,7;https://www.metacritic.com/game/pc/thomas-was-alone;https://images.igdb.com/igdb/image/upload/t_cover_big/co1r1u.jpg;False;;Indie
398;Through the Nightmares;0;https://www.metacritic.com/game/pc/through-the-nightmares;http://throughthenightmares.com/img/arts/1.jpg;False;;Not Released - Indie
399;Thymesia;0;asd;https://images.igdb.com/igdb/image/upload/t_cover_big/nocover_qhhlj6.jpg;False;;IndieDev
400;Timelie;0;https://www.metacritic.com/game/pc/timelie;https://www.gameology.news/wp-content/uploads/2020/04/PosterHQ.jpg;False;;Not Released - Indie
401;Titan Souls;7,4;https://www.metacritic.com/game/pc/titan-souls;https://images.igdb.com/igdb/image/upload/t_cover_big/co1szs.jpg;False;;Indie
402;Titanfall 2;8,6;https://www.metacritic.com/game/pc/titanfall-2;https://images.igdb.com/igdb/image/upload/t_cover_big/fhbeilnghyhhmjqhinqa.jpg;False;;FPS
403;Tomb Raider;8,6;https://www.metacritic.com/game/pc/tomb-raider;https://images.igdb.com/igdb/image/upload/t_cover_big/co1rbu.jpg;False;;Action-Adventure
404;Torchlight;8,3;https://www.metacritic.com/game/pc/torchlight;https://images.igdb.com/igdb/image/upload/t_cover_big/co1rrn.jpg;False;Epic Store;Action-RPG
405;Torchlight II;8,8;https://www.metacritic.com/game/pc/torchlight-ii;https://images.igdb.com/igdb/image/upload/t_cover_big/co1its.jpg;False;;Completed
406;Totem;0;https://www.othermoongames.com/;https://pbs.twimg.com/media/EEC5FpdU4AA5sIt?format=jpg&name=4096x4096;True;TBA;IndieDev
407;Tower Princess;0;https://www.metacritic.com/game/pc/tower-princess;https://images.igdb.com/igdb/image/upload/t_cover_big/co1xtv.jpg;False;TBA;Not Released - Indie
408;Trials of Mana;7,8;https://www.metacritic.com/game/pc/trials-of-mana;https://images.igdb.com/igdb/image/upload/t_cover_big/co1lzw.jpg;False;;Action-RPG
409;Tribes of Midgard;0;https://www.metacritic.com/game/pc/tribes-of-midgard;https://images.igdb.com/igdb/image/upload/t_cover_big/co1nb9.jpg;False;TBA 2020;Not Released - Indie
410;Tricky Towers;8,0;https://www.metacritic.com/game/pc/tricky-towers;https://images.igdb.com/igdb/image/upload/t_cover_big/co1hj7.jpg;False;;Co-op
411;Trifox;0;https://www.metacritic.com/game/pc/trifox;https://images.igdb.com/igdb/image/upload/t_cover_big/jflsq1yy7um51vwjqlfe.jpg;False;2020 Q2;Not Released - Indie
412;Trine;8,0;https://www.metacritic.com/game/pc/trine;https://images.igdb.com/igdb/image/upload/t_cover_big/co1o9u.jpg;False;;Completed
413;Trine 2;8,4;https://www.metacritic.com/game/pc/trine-2;https://images.igdb.com/igdb/image/upload/t_cover_big/jfg8cxy9rhojaneetyip.jpg;False;;3D Platformer
414;Tritone;0;https://twitter.com/TritoneTheGame;https://pbs.twimg.com/profile_banners/786847206183673856/1476517569/600x200;False;;IndieDev
415;Tunic;0;https://www.metacritic.com/game/pc/tunic;https://images.igdb.com/igdb/image/upload/t_cover_big/td1t8kb33gyo8mvhl2pc.jpg;False;TBA;Not Released - Indie
416;Twin Mirror;0;https://www.metacritic.com/game/pc/twin-mirror;https://images.igdb.com/igdb/image/upload/t_cover_big/co1rrg.jpg;False;TBA 2020;Not Released Yet
417;Unaki;0;https://www.shatterplaystudio.com/;https://pbs.twimg.com/media/D-nbrsbXsAEAcwM?format=jpg&name=4096x4096;False;;IndieDev
418;Unbound: Worlds Apart;0;https://www.metacritic.com/game/pc/unbound-worlds-apart;https://images.igdb.com/igdb/image/upload/t_cover_big/co1k9c.jpg;False;TBA 2020;Not Released - Indie
419;Uncharted 4: A Thief's End;9,3;https://www.metacritic.com/game/playstation-4/uncharted-4-a-thiefs-end;https://images.igdb.com/igdb/image/upload/t_cover_big/co1r7h.jpg;False;PlayStation;Other Platform
420;Undertale;9,2;https://www.metacritic.com/game/pc/undertale;https://images.igdb.com/igdb/image/upload/t_cover_big/co1tnr.jpg;False;;Indie
421;UnDungeon;0;https://www.metacritic.com/game/pc/undungeon;https://images.igdb.com/igdb/image/upload/t_cover_big/co1xu7.jpg;False;Q4 2020;Not Released - Indie
422;Unknown 9: Awakening;0;https://www.metacritic.com/game/pc/unknown-9-awakening;https://unknown9.com/images/meta-thumbnail.jpg;False;;Not Released Yet
423;Unravel Two;7,6;https://www.metacritic.com/game/pc/unravel-two;https://images.igdb.com/igdb/image/upload/t_cover_big/bnjwf68j18yz2roylk09.jpg;False;;Co-op
424;Unruly Heroes;8,1;https://www.metacritic.com/game/pc/unruly-heroes;https://images.igdb.com/igdb/image/upload/t_cover_big/co1ivr.jpg;False;;Co-op
425;Untitled Goose Game;7,9;https://www.metacritic.com/game/pc/untitled-goose-game;https://images.igdb.com/igdb/image/upload/t_cover_big/co1vqc.jpg;False;;Indie
426;Vampire: The Masquerade - Bloodlines 2;0;https://www.metacritic.com/game/pc/vampire-the-masquerade---bloodlines-2;https://images.igdb.com/igdb/image/upload/t_cover_big/co1r70.jpg;False;TBA 2020;Not Released Yet
427;Vampyr;7,2;https://www.metacritic.com/game/pc/vampyr;https://images.igdb.com/igdb/image/upload/t_cover_big/co1q8o.jpg;False;;Action-RPG
428;Warhammer: Vermintide 2;8,2;https://www.metacritic.com/game/pc/warhammer-vermintide-2;https://images.igdb.com/igdb/image/upload/t_cover_big/pocat2ipqrkhiguuev1f.jpg;False;;FPS
429;WarriOrb;0;https://www.metacritic.com/game/pc/warriorb;https://images.igdb.com/igdb/image/upload/t_cover_big/co1xht.jpg;False;;Indie
430;Watch Dogs;7,7;https://www.metacritic.com/game/pc/watch-dogs;https://images.igdb.com/igdb/image/upload/t_cover_big/co1r8g.jpg;False;;Action-Adventure
431;Way to the Woods;0;https://www.metacritic.com/game/pc/way-to-the-woods;https://images.igdb.com/igdb/image/upload/t_cover_big/co1lvp.jpg;False;TBA 2020;Not Released - Indie
432;We Were Here Together;7,7;https://www.metacritic.com/game/pc/we-were-here-together;https://images.igdb.com/igdb/image/upload/t_cover_big/co1tbz.jpg;False;;Co-op
433;Werewolf The Apocalypse - Earthblood;0;https://www.metacritic.com/game/pc/werewolf-the-apocalypse---earthblood;https://images.igdb.com/igdb/image/upload/t_cover_big/h8rsynhw2imrx6b6cce0.jpg;False;TBA 2020;Not Released Yet
434;WHAT THE GOLF?;8,4;https://www.metacritic.com/game/pc/what-the-golf;https://images.igdb.com/igdb/image/upload/t_cover_big/co1rgr.jpg;False;;Indie
435;Wildfire;0;https://www.metacritic.com/game/pc/wildfire;https://images.igdb.com/igdb/image/upload/t_cover_big/co23lo.jpg;False;;Not Released - Indie
436;Windbound;0;https://www.metacritic.com/game/pc/windbound;https://images.igdb.com/igdb/image/upload/t_cover_big/co2282.jpg;False;2020.08.28.;Not Released - Indie
437;Witchfire;0;https://www.metacritic.com/game/pc/witchfire;https://images.igdb.com/igdb/image/upload/t_cover_big/iemmfxs6stayqrgrqrdj.jpg;False;TBA;Not Released Yet
438;Wolfenstein II;8,6;https://www.metacritic.com/game/pc/wolfenstein-ii-the-new-colossus;https://images.igdb.com/igdb/image/upload/t_cover_big/co1rd4.jpg;False;;FPS
439;Worms Armageddon;8,2;https://www.metacritic.com/game/pc/worms-armageddon;https://images.igdb.com/igdb/image/upload/t_cover_big/co1rkc.jpg;False;;Co-op
440;Worms W.M.D;7,6;https://www.metacritic.com/game/pc/worms-wmd;https://images.igdb.com/igdb/image/upload/t_cover_big/co1xrj.jpg;False;;Co-op
441;Wreckfest;8,1;https://www.metacritic.com/game/pc/wreckfest;https://images.igdb.com/igdb/image/upload/t_cover_big/co1ref.jpg;False;;Whatever
442;Xuan-Yuan Sword VII;0;https://www.metacritic.com/game/pc/xuan-yuan-sword-vii;https://images.igdb.com/igdb/image/upload/t_cover_big/co29ge.jpg;False;;Not Released Yet
443;Yarntown;0;https://maxatrillionator.itch.io/yarntown;https://images.igdb.com/igdb/image/upload/t_cover_big/nocover_qhhlj6.jpg;False;;Whatever
444;Yooka-Laylee;7,3;https://www.metacritic.com/game/pc/yooka-laylee;https://images.igdb.com/igdb/image/upload/t_cover_big/co1z4v.jpg;False;+Yooka-Laylee and the Impossible Lair;3D Platformer
