1;After Life;8,4;https://www.imdb.com/title/tt8398600/;https://m.media-amazon.com/images/M/MV5BMjM4MDExMjU3N15BMl5BanBnXkFtZTgwNzM2OTg0NzM@._V1_SY1000_CR0,0,674,1000_AL_.jpg;1;12;0;False;;Comedy
2;Agents of S.H.I.E.L.D.;7,5;https://www.imdb.com/title/tt2364582;https://m.media-amazon.com/images/M/MV5BOTdmZmNjNDUtYWU4ZC00MDZhLTg2MDctMDVmZTM1ODViMGYwXkEyXkFqcGdeQXVyNTc4MjczMTM@._V1_.jpg;1;22;0;False;;Hmmm
3;Altered Carbon;8,1;https://www.imdb.com/title/tt2261227;https://m.media-amazon.com/images/M/MV5BYzgwODdlMDQtYzkxNC00ZDVmLTg2NzUtNTljMThlYTM2NzZhXkEyXkFqcGdeQXVyODEyMzI2OTE@._V1_.jpg;1;10;0;False;;Hmmm
4;American Gods;7,9;https://www.imdb.com/title/tt1898069/;https://m.media-amazon.com/images/M/MV5BYTMyYmFjYWUtYjMyOS00ZjRlLWIxODUtYjUyYTFkM2ZmMmQxXkEyXkFqcGdeQXVyNjg3MDMxNzU@._V1_UY268_CR9,0,182,268_AL_.jpg;1;8;0;False;;Hmmm
5;Arrow;7,6;https://www.imdb.com/title/tt2193021/;https://m.media-amazon.com/images/M/MV5BNmE3Mjg5MzUtNDZjOS00NmRlLWI3MTktM2Q3MTZjZDU4MTI2XkEyXkFqcGdeQXVyMjU3NDYxNzc@._V1_SY1000_CR0,0,666,1000_AL_.jpg;5;23;21;False;;On Hold
6;Awkward.;7,5;https://www.imdb.com/title/tt1663676;https://m.media-amazon.com/images/M/MV5BNDRmNjFmOWYtMjZmMy00ZjBlLWI0N2MtYTcyYTgzOGIxYzY0XkEyXkFqcGdeQXVyMTkzODUwNzk@._V1_SY1000_CR0,0,701,1000_AL_.jpg;1;24;0;False;;Comedy
7;Banshee;8,4;https://www.imdb.com/title/tt2017109;https://m.media-amazon.com/images/M/MV5BMTkzNTA1MDI5M15BMl5BanBnXkFtZTcwNTY3NjAwOQ@@._V1_UX182_CR0,0,182,268_AL_.jpg;1;10;0;False;;Hmmm
8;Big Little Lies;8,5;https://www.imdb.com/title/tt3920596;https://m.media-amazon.com/images/M/MV5BNzQ4ZmFhZDItMGY2Ny00Yzk5LThhNzgtN2Q4NjJiYWQzMzA2XkEyXkFqcGdeQXVyMTAzMDM4MjM0._V1_.jpg;1;7;0;False;;Comedy
9;Black Lightning;6,1;https://www.imdb.com/title/tt6045840;https://m.media-amazon.com/images/M/MV5BMjI0MTU3MTkzMl5BMl5BanBnXkFtZTgwMDMzMjg4MTI@._V1_.jpg;2;16;16;False;;On Hold
10;Braking Bad;9,5;https://www.imdb.com/title/tt0903747;https://m.media-amazon.com/images/M/MV5BMjhiMzgxZTctNDc1Ni00OTIxLTlhMTYtZTA3ZWFkODRkNmE2XkEyXkFqcGdeQXVyNzkwMjQ5NzM@._V1_UY268_CR5,0,182,268_AL_.jpg;3;13;3;False;;Watching
11;Broadchurch;8,4;https://www.imdb.com/title/tt2249364;https://m.media-amazon.com/images/M/MV5BNDk5MjVjYTMtOWFlOS00ODg4LWIwNjItMWM2NDE1NGE1YWQwXkEyXkFqcGdeQXVyNjg0NTcxMTg@._V1_SY1000_CR0,0,758,1000_AL_.jpg;1;8;0;False;;Hmmm
12;Brooklyn Nine-Nine;8,4;https://www.imdb.com/title/tt2467372;https://m.media-amazon.com/images/M/MV5BNzVkYWY4NzYtMWFlZi00YzkwLThhZDItZjcxYTU4ZTMzMDZmXkEyXkFqcGdeQXVyODUxOTU0OTg@._V1_.jpg;1;22;0;False;;Comedy
13;Carnival Row;7,9;https://www.imdb.com/title/tt0489974;https://m.media-amazon.com/images/M/MV5BNjhjMzQ3M2EtMjlkMS00NGNlLThjZDMtMjhkNDcwYWFhMTc0XkEyXkFqcGdeQXVyMjQwMDg0Ng@@._V1_SY1000_SX675_AL_.jpg;1;8;0;False;;Hmmm
14;Castlevania;8,1;https://www.imdb.com/title/tt6517102;https://m.media-amazon.com/images/M/MV5BNTZhNGMzNzctMzhiYS00MmJiLWJmYWItMzhiYTk4Zjg0ZWIxXkEyXkFqcGdeQXVyNTAyODkwOQ@@._V1_SY1000_CR0,0,666,1000_AL_.jpg;1;4;0;False;;Hmmm
15;Chilling Adventures of Sabrina;7,6;https://www.imdb.com/title/tt7569592/;https://m.media-amazon.com/images/M/MV5BOTQyMDYwNDMyOV5BMl5BanBnXkFtZTgwMjM4NTIzNjM@._V1_SY1000_CR0,0,674,1000_AL_.jpg;2;9;9;False;;Season Completed
16;Cloak & Dagger;6,8;https://www.imdb.com/title/tt5614844/;https://m.media-amazon.com/images/M/MV5BNTU4NzU2OTc5NF5BMl5BanBnXkFtZTgwMDg3MzA0NzM@._V1_UX182_CR0,0,182,268_AL_.jpg;2;10;10;False;;Completed
17;Cobra Kai;8,8;https://www.imdb.com/title/tt7221388;https://m.media-amazon.com/images/M/MV5BMzZlYzFkMGYtZmE1Ni00MWFkLTkxNzYtZTc3MjZhYWRhZDgxXkEyXkFqcGdeQXVyMDA4NzMyOA@@._V1_SY1000_SX675_AL_.jpg;1;10;0;False;;Hmmm
18;Community;8,5;https://www.imdb.com/title/tt1439629;https://m.media-amazon.com/images/M/MV5BNDQ5NDZiYjktZmFmMy00MjAxLTk1MDktOGZjYTY5YTE1ODdmXkEyXkFqcGdeQXVyNjcwMzEzMTU@._V1_SY1000_CR0,0,697,1000_AL_.jpg;1;25;0;False;;Comedy
19;Crazy Ex-Girlfriend;7,8;https://www.imdb.com/title/tt4094300;https://m.media-amazon.com/images/M/MV5BYjQ0MjNiYjItMWFkNC00MTI5LTlhYTEtZWY3OGJhN2VhZjBmXkEyXkFqcGdeQXVyNzA5NjUyNjM@._V1_SY1000_CR0,0,666,1000_AL_.jpg;1;18;0;False;;Comedy
20;Daredevil;8,6;https://www.imdb.com/title/tt3322312;https://m.media-amazon.com/images/M/MV5BZjMzOTE4MGYtODk3ZS00YTgyLWIwNmEtZDBjZGM1MDY2MTFlXkEyXkFqcGdeQXVyMTAzMDM4MjM0._V1_SY1000_CR0,0,692,1000_AL_.jpg;2;13;13;False;;Season Completed
21;Dead to Me ;8,1;https://www.imdb.com/title/tt8064302;https://m.media-amazon.com/images/M/MV5BODkwNmY1MjgtY2ZlNS00MWVmLWEzZTktYmMyNDQzMjlmMGY2XkEyXkFqcGdeQXVyMTkxNjUyNQ@@._V1_SY1000_CR0,0,674,1000_AL_.jpg;1;10;0;False;;Comedy
22;Des;8,0;https://www.imdb.com/title/tt11656892/;https://m.media-amazon.com/images/M/MV5BNjVkZGVlNzItM2FhOC00MWFhLThkYjUtNWE0MDNkNGMxMzk3XkEyXkFqcGdeQXVyNjEwNTM2Mzc@._V1_UY268_CR43,0,182,268_AL_.jpg;1;3;0;False;;Hmmm
23;Dexter;8,6;https://www.imdb.com/title/tt0773262;https://m.media-amazon.com/images/M/MV5BMTM5MjkwMTI0MV5BMl5BanBnXkFtZTcwODQwMTc0OQ@@._V1_.jpg;1;12;0;False;;Hmmm
24;Doctor Who;8,6;https://www.imdb.com/title/tt0436992;https://m.media-amazon.com/images/M/MV5BMjAzMTM5MTQ3OV5BMl5BanBnXkFtZTgwMDg4ODM2MzE@._V1_.jpg;10;12;12;False;;On Hold
25;Doom Patrol;8,0;https://www.imdb.com/title/tt8416494/;https://m.media-amazon.com/images/M/MV5BZjkzM2E0NDgtYjM5Mi00ZTljLTgxNzctZmJiNzI3YjhmNjIzXkEyXkFqcGdeQXVyNjg3MDMxNzU@._V1_UX182_CR0,0,182,268_AL_.jpg;1;15;15;False;;Season Completed
26;Emerald City;7,2;https://www.imdb.com/title/tt3579018;https://m.media-amazon.com/images/M/MV5BMTk5NTA1NzkyNV5BMl5BanBnXkFtZTgwNzk1MDM3MDI@._V1_UX182_CR0,0,182,268_AL_.jpg;1;10;0;False;;Whatever
27;Faking It;7,4;https://www.imdb.com/title/tt3127020;https://m.media-amazon.com/images/M/MV5BODcwODNlOWQtMmFiNy00Yjc2LWE4MjctMmY0NjE5Y2NlMDAyXkEyXkFqcGdeQXVyNzA1MjU0Njg@._V1_SY1000_CR0,0,666,1000_AL_.jpg;1;8;0;False;;Comedy
28;Flashforward;7,6;https://www.imdb.com/title/tt1441135;https://m.media-amazon.com/images/M/MV5BMTY1MDg1MjUxMl5BMl5BanBnXkFtZTcwNDc2NTk4Mg@@._V1_.jpg;1;22;0;False;;Whatever
29;Frequency;7,5;https://www.imdb.com/title/tt5531470;https://m.media-amazon.com/images/M/MV5BMTU0MTAxNTUzMl5BMl5BanBnXkFtZTgwMTE0NDg4OTE@._V1_UY268_CR3,0,182,268_AL_.jpg;1;14;14;False;;Whatever
30;Game of Thrones;9,3;https://www.imdb.com/title/tt0944947;https://m.media-amazon.com/images/M/MV5BMjA5NzA5NjMwNl5BMl5BanBnXkFtZTgwNjg2OTk2NzM@._V1_UX182_CR0,0,182,268_AL_.jpg;6;10;0;False;;Watching
31;Good Omens;8,1;https://www.imdb.com/title/tt1869454;https://m.media-amazon.com/images/M/MV5BOTI5Y2M3NmQtNDg5ZC00OTQ0LWEzOGYtMjM4Zjg0YzY0M2I0XkEyXkFqcGdeQXVyNjkwNzEwMzU@._V1_UX182_CR0,0,182,268_AL_.jpg;1;6;0;False;;Hmmm
32;Gotham;7,8;https://www.imdb.com/title/tt3749900;https://m.media-amazon.com/images/M/MV5BMTgwNDM0MTA5OV5BMl5BanBnXkFtZTgwMDg5MjU5MjI@._V1_SY1000_CR0,0,646,1000_AL_.jpg;1;22;0;False;;On Hold
33;Grimm;7,8;https://www.imdb.com/title/tt1830617;https://m.media-amazon.com/images/M/MV5BMTkyODg2MzQwMV5BMl5BanBnXkFtZTgwNTA2MjE1MDI@._V1_UX182_CR0,0,182,268_AL_.jpg;6;13;13;False;;Completed
34;Happy Endings;7,7;https://www.imdb.com/title/tt1587678;https://m.media-amazon.com/images/M/MV5BMjE0NTQyOTM5OF5BMl5BanBnXkFtZTcwOTYyMTU2OA@@._V1_UY268_CR9,0,182,268_AL_.jpg;3;23;23;False;;Completed
35;Happy!;8,2;https://www.imdb.com/title/tt2452242/;https://m.media-amazon.com/images/M/MV5BNzk2NjYxMDMxMV5BMl5BanBnXkFtZTgwMzQxODcwNDI@._V1_SY1000_CR0,0,673,1000_AL_.jpg;1;0;0;False;;Whatever
36;Hart of Dixie;7,7;https://www.imdb.com/title/tt1832979;https://m.media-amazon.com/images/M/MV5BMTk2NDU1MzQ3NF5BMl5BanBnXkFtZTcwNDk2NzQzNg@@._V1_SY1000_CR0,0,666,1000_AL_.jpg;1;22;0;False;;Comedy
37;Helstrom;0;https://www.imdb.com/title/tt10266874/;https://m.media-amazon.com/images/M/MV5BMTJlM2U2Y2EtNDViYS00NTllLWFmZTMtMmI0Y2I2ZDhmNWQyXkEyXkFqcGdeQXVyMDM2NDM2MQ@@._V1_UY268_CR1,0,182,268_AL_.jpg;1;0;0;False;;Not Aired Yet
38;Heroes;7,5;https://www.imdb.com/title/tt0813715;https://m.media-amazon.com/images/M/MV5BMjI3ODU0OTQ1MV5BMl5BanBnXkFtZTgwNzI0MTQ2MzE@._V1_UX182_CR0,0,182,268_AL_.jpg;4;18;18;False;;Completed
39;Heroes: Reborn;6,7;https://www.imdb.com/title/tt3556944;https://m.media-amazon.com/images/M/MV5BNDg2NTI5OTYzOV5BMl5BanBnXkFtZTgwMzI0MzA1NjE@._V1_UY268_CR9,0,182,268_AL_.jpg;1;13;13;False;;Completed
40;His Dark Materials;8,0;https://www.imdb.com/title/tt5607976;https://m.media-amazon.com/images/M/MV5BOTc5NDFlNmQtZGRkNS00NWQxLWEyYjAtY2Q2YjIzNmRiODM2XkEyXkFqcGdeQXVyMTkxNjUyNQ@@._V1_.jpg;1;8;0;False;;Hmmm
41;How I Met Your Mother;8,3;https://www.imdb.com/title/tt0460649;https://m.media-amazon.com/images/M/MV5BZWJjMDEzZjUtYWE1Yy00M2ZiLThlMmItODljNTAzODFiMzc2XkEyXkFqcGdeQXVyNTA4NzY1MzY@._V1_UX182_CR0,0,182,268_AL_.jpg;9;24;24;False;;Completed
42;I Know This Much Is True;0;https://www.imdb.com/title/tt0425118/;https://m.media-amazon.com/images/M/MV5BY2QxNmIyMzAtZjZkNS00ZTVjLTg2ZDQtOTk0M2Q4ZGUxMDc4XkEyXkFqcGdeQXVyMTkxNjUyNQ@@._V1_SY1000_CR0,0,674,1000_AL_.jpg;1;7;0;False;;Not Aired Yet
43;Into the Badlands;8,0;https://www.imdb.com/title/tt3865236;https://m.media-amazon.com/images/M/MV5BNGUzMmNkMWMtNTI4OC00ZGY1LThlZmUtMDI5YjYyZDE2MzE2XkEyXkFqcGdeQXVyMzY0MTE3NzU@._V1_SY1000_CR0,0,666,1000_AL_.jpg;1;6;0;False;;Hmmm
44;Iron Fist;6,5;https://www.imdb.com/title/tt3322310;https://m.media-amazon.com/images/M/MV5BMjI5Mjg1NDcyOV5BMl5BanBnXkFtZTgwMjAxOTQ5MTI@._V1_SY1000_CR0,0,674,1000_AL_.jpg;2;23;23;False;;Completed
45;iZombie;7,9;https://www.imdb.com/title/tt3501584/;https://m.media-amazon.com/images/M/MV5BODdjNjRhOWUtMTA3NC00NTJmLTg4ZWUtZWJiNzNmMzZiN2NiXkEyXkFqcGdeQXVyNTA4NzY1MzY@._V1_SY1000_CR0,0,666,1000_AL_.jpg;3;13;9;False;;Watching
46;Jane the Virgin;7,8;https://www.imdb.com/title/tt3566726;https://m.media-amazon.com/images/M/MV5BMTE3YjUzNjUtYjZmNy00M2Q5LTlhNzktOGE0YjliN2I2ODE2XkEyXkFqcGdeQXVyMTYzMDM0NTU@._V1_SY1000_CR0,0,666,1000_AL_.jpg;1;22;0;False;;Comedy
47;Jessica Jones;8,0;https://www.imdb.com/title/tt2357547;https://m.media-amazon.com/images/M/MV5BMTkxMDk5NTQ3MF5BMl5BanBnXkFtZTgwNzg3ODU3NDM@._V1_SY1000_CR0,0,674,1000_AL_.jpg;2;13;13;False;;Season Completed
48;Krypton;7,0;https://www.imdb.com/title/tt4276624;https://m.media-amazon.com/images/M/MV5BMmY4MTZjNTEtYTliNy00ODA0LTlhN2MtZDM0ZDRlMDcyYTQ2XkEyXkFqcGdeQXVyMTkxNjUyNQ@@._V1_UX182_CR0,0,182,268_AL_.jpg;1;10;0;False;;Whatever
49;Legion;8,3;https://www.imdb.com/title/tt5114356;https://m.media-amazon.com/images/M/MV5BNmYxMjM5MzMtNTczZC00MGM3LTk2MTQtZmNmMTg4ZDI4ZTkxXkEyXkFqcGdeQXVyMzQ2MDI5NjU@._V1_SY1000_CR0,0,666,1000_AL_.jpg;1;8;8;False;;On Hold
50;Limitless;7,7;https://www.imdb.com/title/tt4422836;https://m.media-amazon.com/images/M/MV5BMTA4ODE4NjA5ODleQTJeQWpwZ15BbWU4MDUxMTQ0NTYx._V1_UX182_CR0,0,182,268_AL_.jpg;1;22;22;False;;Completed
51;Locke && Key;7,4;https://www.imdb.com/title/tt3007572;https://m.media-amazon.com/images/M/MV5BNjZkNzY4M2ItOWY0Ni00Y2ViLWE1NjItOTIyYzZjMzg5M2E1XkEyXkFqcGdeQXVyMTkxNjUyNQ@@._V1_UX182_CR0,0,182,268_AL_.jpg;1;10;0;False;;Hmmm
52;Loki;0;https://www.imdb.com/title/tt9140554/;https://m.media-amazon.com/images/M/MV5BODBjMGQ4N2ItNDVjOS00YTc5LTg0MjMtMGZmN2NkNjUyMDkzXkEyXkFqcGdeQXVyNjg2NjQwMDQ@._V1_UY268_CR3,0,182,268_AL_.jpg;1;0;0;False;;Not Aired Yet
53;Looking for Alaska;8,2;https://www.imdb.com/title/tt3829868;https://m.media-amazon.com/images/M/MV5BZjNjYzk0YjQtOWU2NS00ZjM2LWIwYmUtNmJlYTg2ZjM3ODFhXkEyXkFqcGdeQXVyMTkxNjUyNQ@@._V1_.jpg;1;8;8;False;;Completed
54;Lucifer;8,2;https://www.imdb.com/title/tt4052886/;https://m.media-amazon.com/images/M/MV5BZTA2NTBkYWUtMzM4Zi00YzhlLTk4NWItY2U1ODczNDMyNDAzXkEyXkFqcGdeQXVyNDg4NjY5OTQ@._V1_UX182_CR0,0,182,268_AL_.jpg;4;10;10;False;;Season Completed
55;Luke Cage;7,3;https://www.imdb.com/title/tt3322314;https://m.media-amazon.com/images/M/MV5BMTcyMzc1MjI5MF5BMl5BanBnXkFtZTgwMzE4ODY2OTE@._V1_SY1000_CR0,0,704,1000_AL_.jpg;1;13;13;False;;Season Completed
56;Manhattan Love Story;7,0;https://www.imdb.com/title/tt3514886;https://m.media-amazon.com/images/M/MV5BMjM3MjgzMzE3NF5BMl5BanBnXkFtZTgwNDczOTA5MjE@._V1_UY268_CR9,0,182,268_AL_.jpg;1;11;11;False;;Completed
57;Maniac;7,8;https://www.imdb.com/title/tt5580146;https://m.media-amazon.com/images/M/MV5BMDMwOTgyNzYtNWI2Zi00MDcwLWEyNmUtMGQ5YzA3ZTljMTA2XkEyXkFqcGdeQXVyNjU2ODM5MjU@._V1_UY268_CR1,0,182,268_AL_.jpg;1;10;0;False;;Whatever
58;Mindhunter;8,6;https://www.imdb.com/title/tt5290382;https://m.media-amazon.com/images/M/MV5BNWNmYzQ1ZWUtYTQ3ZS00Y2UwLTlkMDctZThlOTJkMGJiNzBiXkEyXkFqcGdeQXVyNjg2NjQwMDQ@._V1_UX182_CR0,0,182,268_AL_.jpg;1;10;0;False;;Whatever
59;Misfits;8,2;https://www.imdb.com/title/tt1548850;https://m.media-amazon.com/images/M/MV5BNzRiNDcyZjItNzc1ZC00OTk3LWI3ZTItNDc0NTgxNjg3ZTZhL2ltYWdlL2ltYWdlXkEyXkFqcGdeQXVyMjM4NjgwODc@._V1_SX680_CR0,0,680,999_AL_.jpg;5;8;8;False;;Completed
60;Mr. Robot;8,5;https://www.imdb.com/title/tt4158110;https://m.media-amazon.com/images/M/MV5BYmI1YmMwYzctYWRjNC00OWY4LWFjMzQtOTg2MmYzM2NkZDZmXkEyXkFqcGdeQXVyNTg1MjA0OTA@._V1_.jpg;1;10;0;False;;On Hold
61;Mythic Quest: Raven's Banquet;7,5;https://www.imdb.com/title/tt8879940/;https://m.media-amazon.com/images/M/MV5BYjUyMmJjZmUtY2VhZi00YTY0LTg5NmMtYzU3NDM4N2YzNzk3XkEyXkFqcGdeQXVyNDk3ODk4OQ@@._V1_UY268_CR1,0,182,268_AL_.jpg;1;9;0;False;;Hmmm
62;New Girl;7,7;https://www.imdb.com/title/tt1826940;https://m.media-amazon.com/images/M/MV5BMjA0MDc1NTk0Ml5BMl5BanBnXkFtZTgwMTk2ODA5NDM@._V1_SY1000_SX800_AL_.jpg;7;8;8;False;;Completed
63;No Tomorrow;7,2;https://www.imdb.com/title/tt5595688;https://m.media-amazon.com/images/M/MV5BMTc2ODUwNjgyMF5BMl5BanBnXkFtZTgwNTE0NDg4OTE@._V1_UX182_CR0,0,182,268_AL_.jpg;1;13;13;False;;Completed
64;Once Upon a Time;7,7;https://www.imdb.com/title/tt1843230;https://m.media-amazon.com/images/M/MV5BOGJiYThmZTAtNDhkNi00MDNhLWI1ZjktMmY1MTZlZGUxNzU0XkEyXkFqcGdeQXVyMTA3MzQ4MTc0._V1_SX750_CR0,0,750,999_AL_.jpg;5;23;19;False;;On Hold
65;One Day at a Time;8,2;https://www.imdb.com/title/tt5339440;https://m.media-amazon.com/images/M/MV5BMTU2OTQ5NDY5Nl5BMl5BanBnXkFtZTgwNTE2NzU2NDM@._V1_SY1000_CR0,0,674,1000_AL_.jpg;1;13;0;False;;Comedy
66;Orange Is The New Black;8,1;https://www.imdb.com/title/tt2372162;https://m.media-amazon.com/images/M/MV5BMjA1ODMzNDM5Ml5BMl5BanBnXkFtZTgwNDU0NjQ5MTE@._V1_SY1000_CR0,0,679,1000_AL_.jpg;1;13;0;False;;Comedy
67;Orphan Black;8,3;https://www.imdb.com/title/tt2234222/;https://m.media-amazon.com/images/M/MV5BZjM1ZTVlMGYtNjVkZS00OGMzLWFjMmYtYTE3NjJhZDRlODY3XkEyXkFqcGdeQXVyNzA5NjUyNjM@._V1_UX182_CR0,0,182,268_AL_.jpg;1;10;0;False;;Hmmm
68;Parks and Recreation;8,6;https://www.imdb.com/title/tt1266020/;https://m.media-amazon.com/images/M/MV5BMjA5MjUxNDgwNF5BMl5BanBnXkFtZTgwMDI5NjMwNDE@._V1_.jpg;1;6;0;False;;Comedy
69;Peaky Blinders;8,8;https://www.imdb.com/title/tt2442560;https://m.media-amazon.com/images/M/MV5BMTQxODYzNTQzOV5BMl5BanBnXkFtZTgwMTI2MDYwMDE@._V1_.jpg;1;6;0;False;;Hmmm
70;Pennyworth;8,0;https://www.imdb.com/title/tt8425532;https://m.media-amazon.com/images/M/MV5BODE0YTRjYjYtMDIwOC00MjE3LWIyYTAtYTY5MGJlMmEwNWZhXkEyXkFqcGdeQXVyMDM2NDM2MQ@@._V1_SY1000_CR0,0,666,1000_AL_.jpg;1;10;0;False;;Hmmm
71;Powerless;6,3;https://www.imdb.com/title/tt5083928;https://m.media-amazon.com/images/M/MV5BMDc5ZjM3NzMtOTU1ZS00ZGE1LWFlNmYtYWE1NjgzMzkzYTk5L2ltYWdlXkEyXkFqcGdeQXVyNjMxNzcwOTI@._V1_UX182_CR0,0,182,268_AL_.jpg;1;12;12;False;;Completed
72;Raising Dion;7,2;https://www.imdb.com/title/tt7826108;https://m.media-amazon.com/images/M/MV5BZTgyYjZjMzktNjk1OC00ZDdmLThmODEtNzUxMzcyY2Y1YzBmXkEyXkFqcGdeQXVyMjMzNTEyMzk@._V1_SY1000_CR0,0,675,1000_AL_.jpg;1;9;0;False;;Hmmm
73;Resident Alien;0;https://www.imdb.com/title/tt8690918/;https://m.media-amazon.com/images/M/MV5BM2Y1OWY2NTMtMjdlNy00NjIxLWFhNGMtYTliNzlmMjdmZTgyXkEyXkFqcGdeQXVyNDk3ODk4OQ@@._V1_SY1000_CR0,0,666,1000_AL_.jpg;1;0;0;False;;Not Aired Yet
74;Rick and Morty;9,2;https://www.imdb.com/title/tt2861424;https://m.media-amazon.com/images/M/MV5BMjRiNDRhNGUtMzRkZi00MThlLTg0ZDMtNjc5YzFjYmFjMmM4XkEyXkFqcGdeQXVyNzQ1ODk3MTQ@._V1_.jpg;1;11;0;False;;Comedy
75;Riverdale;7,1;https://www.imdb.com/title/tt5420376/;https://m.media-amazon.com/images/M/MV5BZDNmNmI5MGItMjUyOC00ODg4LWE0NmEtMzg5MjUzOWI2MDcwXkEyXkFqcGdeQXVyNjYzNDE4ODA@._V1_SY1000_CR0,0,666,1000_AL_.jpg;4;22;11;False;;Watching
76;Runaways;7,1;https://www.imdb.com/title/tt1236246;https://m.media-amazon.com/images/M/MV5BOTk4ODQzMTkwNF5BMl5BanBnXkFtZTgwNDM0NzgxNDM@._V1_SY1000_SX648_AL_.jpg;1;10;10;False;;Season Completed
77;Scrubs;8,3;https://www.imdb.com/title/tt0285403;https://m.media-amazon.com/images/M/MV5BODE1MGVjZjMtODc5My00ODBjLTg0NWItMDllNTNlM2Y3ZGYyXkEyXkFqcGdeQXVyNTA4NzY1MzY@._V1_SY1000_CR0,0,647,1000_AL_.jpg;1;24;0;False;;Comedy
78;See;7,6;https://www.imdb.com/title/tt7949218;https://m.media-amazon.com/images/M/MV5BYWI2ZmM5ZTgtOTgxYS00MTQ4LThkMjQtZjBlNGM3NjQ5YTI5XkEyXkFqcGdeQXVyMDM2NDM2MQ@@._V1_.jpg;1;9;9;False;;Season Completed
79;Shameless;8,6;https://www.imdb.com/title/tt1586680;https://m.media-amazon.com/images/M/MV5BMTM2MTEzMDQ1OV5BMl5BanBnXkFtZTcwNzA1NTcxNA@@._V1_SY1000_CR0,0,788,1000_AL_.jpg;1;12;0;False;;Comedy
80;Sherlock;9,1;https://www.imdb.com/title/tt1475582;https://m.media-amazon.com/images/M/MV5BZjg2MjE4ZDctNmZhYy00YmJmLTlhODYtNjNkODM4MTkzODg2L2ltYWdlL2ltYWdlXkEyXkFqcGdeQXVyNTk2NDEzNzM@._V1_.jpg;1;3;0;False;;Hmmm
81;Stranger Things;8,8;https://www.imdb.com/title/tt4574334/;https://m.media-amazon.com/images/M/MV5BMjEzMDAxOTUyMV5BMl5BanBnXkFtZTgwNzAxMzYzOTE@._V1_.jpg;3;8;8;False;;Season Completed
82;Supernatural;8,1;https://www.imdb.com/title/tt0460681/;https://m.media-amazon.com/images/M/MV5BMTJhM2VhZDItMTk4OS00MTRjLTlmMDQtNzEyYmM0NDA0YjhjXkEyXkFqcGdeQXVyMTkxNjUyNQ@@._V1_UX182_CR0,0,182,268_AL_.jpg;10;23;20;True;;Watching
83;Switched at Birth;7,7;https://www.imdb.com/title/tt1758772;https://m.media-amazon.com/images/M/MV5BMTMxOTg1NTIxMF5BMl5BanBnXkFtZTcwNjkwOTM4NQ@@._V1_.jpg;1;30;0;False;;Comedy
84;Taboo;8,5;https://www.imdb.com/title/tt3647998;https://m.media-amazon.com/images/M/MV5BMTYyNTQwNzk0OV5BMl5BanBnXkFtZTgwMDAyMDI2MDI@._V1_UX182_CR0,0,182,268_AL_.jpg;1;8;0;False;;Hmmm
85;The 100;7,7;https://www.imdb.com/title/tt2661044;https://m.media-amazon.com/images/M/MV5BNjk0ZjEzNGEtOTg5Yy00ZTU3LWE1NTQtNWI4MTJmMTlkMTVhXkEyXkFqcGdeQXVyNDc0NDgwODI@._V1_SY1000_CR0,0,666,1000_AL_.jpg;1;13;0;False;;Hmmm
86;The Big Bang Theory;8,1;https://www.imdb.com/title/tt0898266;https://m.media-amazon.com/images/M/MV5BMjQzMTYyODM4M15BMl5BanBnXkFtZTcwMTAxMDU1MQ@@._V1_.jpg;12;24;24;False;;Completed
87;The Boys;8,7;https://www.imdb.com/title/tt1190634;https://m.media-amazon.com/images/M/MV5BMTAzMDkyOTMzNzBeQTJeQWpwZ15BbWU4MDA4NzgxNDYz._V1_SY1000_CR0,0,799,1000_AL_.jpg;1;8;0;False;;Hmmm
88;The Collector;6,7;https://www.imdb.com/title/tt0380869/;https://m.media-amazon.com/images/M/MV5BMTIxOTQzNzIwMF5BMl5BanBnXkFtZTcwMzU0NzUyMQ@@._V1_.jpg;1;14;0;False;;Whatever
89;The Dangerous Book for Boys;5,9;https://www.imdb.com/title/tt1082583;https://m.media-amazon.com/images/M/MV5BMjM1NjczMDQ4Ml5BMl5BanBnXkFtZTgwMzk5NTY4NDM@._V1_UX182_CR0,0,182,268_AL_.jpg;1;6;0;False;;Whatever
90;The Dark Crystal: Age of Resistance ;8,6;https://www.imdb.com/title/tt6905542;https://m.media-amazon.com/images/M/MV5BNjVjODZmYWEtNjZhNC00MTdkLTgyMGYtNDBiODRmMzJkMDdjXkEyXkFqcGdeQXVyNjg2NjQwMDQ@._V1_SY1000_CR0,0,675,1000_AL_.jpg;1;10;0;False;;Hmmm
91;The Defenders;7,3;https://www.imdb.com/title/tt4230076;https://m.media-amazon.com/images/M/MV5BNWU4NmY3MTMtMTBmMi00NjFjLTkwMmItYWZhZWUwNDg5M2ExXkEyXkFqcGdeQXVyNDUyOTg3Njg@._V1_SY1000_CR0,0,674,1000_AL_.jpg;1;8;8;False;;Completed
92;The Dragon Prince;8,4;https://www.imdb.com/title/tt8688814;https://m.media-amazon.com/images/M/MV5BMjA5MjEwODU1MV5BMl5BanBnXkFtZTgwNzk0MzA5NTM@._V1_SY1000_SX750_AL_.jpg;1;9;0;False;;Whatever
93;The Expanse;8,5;https://www.imdb.com/title/tt3230854;https://m.media-amazon.com/images/M/MV5BY2Y4NzIxOWMtMjFiNi00MmE3LWFlOWUtOGE4ZjI1YjEwMWEyXkEyXkFqcGdeQXVyMTkxNjUyNQ@@._V1_SY1000_CR0,0,675,1000_AL_.jpg;1;10;0;False;;Whatever
94;The Falcon and the Winter Soldier;0;https://www.imdb.com/title/tt9208876/;https://m.media-amazon.com/images/M/MV5BZTUxZDNmODgtNzA5OC00Yjk0LWIzYTItMDZlZDI3ZDM3NWQzXkEyXkFqcGdeQXVyNTAyODkwOQ@@._V1_UY268_CR5,0,182,268_AL_.jpg;1;0;0;False;;Not Aired Yet
95;The Flash;7,8;https://www.imdb.com/title/tt3107288/;https://m.media-amazon.com/images/M/MV5BNTM4YThiMzktMDRlNi00NzAyLWI1YmQtNTdkMTNiN2Q0NzU1XkEyXkFqcGdeQXVyMTkxNjUyNQ@@._V1_UY268_CR16,0,182,268_AL_.jpg;4;23;8;False;;Watching
96;The Fresh Prince of Bel-Air;7,9;https://www.imdb.com/title/tt0098800;https://m.media-amazon.com/images/M/MV5BOGUxOWQ4MzAtMmJjYS00M2U5LWEwZTAtYTc1YmZhNjg2NDRlXkEyXkFqcGdeQXVyMTYzMDM0NTU@._V1_.jpg;1;25;0;False;;Comedy
97;The Gifted;7,4;https://www.imdb.com/title/tt4396630;https://m.media-amazon.com/images/M/MV5BOGZhNDFhMDUtMzEwYi00NmU0LWI0YWMtY2E3OWZhMDRkNWUzXkEyXkFqcGdeQXVyMTYzMDM0NTU@._V1_SY1000_CR0,0,657,1000_AL_.jpg;1;13;13;False;;On Hold
98;The Good Place;8,2;https://www.imdb.com/title/tt4955642/;https://m.media-amazon.com/images/M/MV5BZGI5OWQ4ZTktYTg4OS00NWY2LWE0OTgtNjFlYjU0YjY5OGJlXkEyXkFqcGdeQXVyMTkxNjUyNQ@@._V1_SY1000_CR0,0,750,1000_AL_.jpg;1;0;0;False;;Whatever
99;The Handmaid's Tale;8,5;https://www.imdb.com/title/tt5834204/;https://m.media-amazon.com/images/M/MV5BOTU3NjczMTEzNV5BMl5BanBnXkFtZTgwNjk5MzcwMTI@._V1_SY1000_CR0,0,674,1000_AL_.jpg;1;10;0;False;;Hmmm
100;The Last Man on Earth;7,3;https://www.imdb.com/title/tt3230454/;https://m.media-amazon.com/images/M/MV5BMzJkZmUyOTUtMDJhZS00MTgzLTgxZGItYTlhOWE5Y2RjZDdlXkEyXkFqcGdeQXVyMTYzMDM0NTU@._V1_.jpg;1;0;0;False;;Whatever
101;The Last of Us;0;https://www.imdb.com/title/tt3581920;https://m.media-amazon.com/images/M/MV5BZmE4NDVlMDEtYjg0OS00OTVmLTg3YjItNWE4MjFhZWEzMGUwXkEyXkFqcGdeQXVyNTExODM0NDI@._V1_UY268_CR118,0,182,268_AL_.jpg;1;0;0;False;;Not Aired Yet
102;The Leftovers;8,3;https://www.imdb.com/title/tt2699128;https://m.media-amazon.com/images/M/MV5BODI2MWEwNDAtNjExNS00YmM0LWI5ZDYtNTdjZTViYWJjODQ2XkEyXkFqcGdeQXVyMTYzMDM0NTU@._V1_SY1000_CR0,0,666,1000_AL_.jpg;1;10;0;False;;Whatever
103;The Lord of the Rings  ;0;https://www.imdb.com/title/tt7631058/;https://m.media-amazon.com/images/M/MV5BMjM0ZDM1YzQtMjlmYy00YThlLTk2MmItNTM3NWRiZmUwYWViXkEyXkFqcGdeQXVyNzg5MzIyOA@@._V1_UY268_CR43,0,182,268_AL_.jpg;1;0;0;False;;Not Aired Yet
104;The Magicians;7,6;https://www.imdb.com/title/tt4254242;https://m.media-amazon.com/images/M/MV5BM2IwM2YwNWMtZmVkNi00MTQzLWJjNTAtMjAxNWYyMzI0N2QxXkEyXkFqcGdeQXVyMTYzMDM0NTU@._V1_SY1000_CR0,0,666,1000_AL_.jpg;1;13;6;False;;On Hold
105;The Mandalorian;8,8;https://www.imdb.com/title/tt8111088/;https://m.media-amazon.com/images/M/MV5BMWI0OTJlYTItNzMwZi00YzRiLWJhMjItMWRlMDNhZjNiMzJkXkEyXkFqcGdeQXVyMTkxNjUyNQ@@._V1_SY1000_CR0,0,675,1000_AL_.jpg;1;9;0;False;;Hmmm
106;The Nine Lives of Chloe King;7,1;https://www.imdb.com/title/tt0499400;https://m.media-amazon.com/images/M/MV5BMjIwMjE2NjA2NF5BMl5BanBnXkFtZTcwOTkwOTM4NQ@@._V1_.jpg;1;10;0;False;;Comedy
107;The Office;8,8;https://www.imdb.com/title/tt0386676;https://m.media-amazon.com/images/M/MV5BMDNkOTE4NDQtMTNmYi00MWE0LWE4ZTktYTc0NzhhNWIzNzJiXkEyXkFqcGdeQXVyMzQ2MDI5NjU@._V1_SY999_CR0,0,665,999_AL_.jpg;1;6;0;False;;Comedy
108;The Punisher;8,5;https://www.imdb.com/title/tt5675620;https://m.media-amazon.com/images/M/MV5BMTc5MjAzNjYwM15BMl5BanBnXkFtZTgwMTI5NzE1MzI@._V1_SY1000_CR0,0,674,1000_AL_.jpg;1;13;13;False;;Season Completed
109;The Witcher;8,3;https://www.imdb.com/title/tt5180504/;https://m.media-amazon.com/images/M/MV5BOGE4MmVjMDgtMzIzYy00NjEwLWJlODMtMDI1MGY2ZDlhMzE2XkEyXkFqcGdeQXVyMzY0MTE3NzU@._V1_SY1000_CR0,0,674,1000_AL_.jpg;1;8;8;False;;Season Completed
110;This Is Us;8,7;https://www.imdb.com/title/tt5555260;https://m.media-amazon.com/images/M/MV5BMDM2YTMzMWMtNmFhZi00ZWY4LTk1ZmUtMWExNzg3NDZmMTY4XkEyXkFqcGdeQXVyMzQ2MDI5NjU@._V1_SY1000_CR0,0,666,1000_AL_.jpg;1;18;0;False;;Comedy
111;Timeless;7,7;https://www.imdb.com/title/tt5511582;https://m.media-amazon.com/images/M/MV5BMjA5ODkxODgzMl5BMl5BanBnXkFtZTgwNzA4MTc5NDM@._V1_UY268_CR10,0,182,268_AL_.jpg;1;16;0;False;;Whatever
112;Titans;7,8;https://www.imdb.com/title/tt1043813/;https://m.media-amazon.com/images/M/MV5BOGIxMzE1MTEtMzViYi00MWI5LTllOTUtMmZkYzM3NmIyNTZlXkEyXkFqcGdeQXVyMTkxNjUyNQ@@._V1_SY1000_SX666_AL_.jpg;2;13;13;False;;Season Completed
113;Travelers;8,1;https://www.imdb.com/title/tt5651844;https://m.media-amazon.com/images/M/MV5BMjUzOTQwOTg1MF5BMl5BanBnXkFtZTgwNzE4NzQ3NjM@._V1_UX182_CR0,0,182,268_AL_.jpg;1;12;0;False;;Hmmm
114;Umbrella Academy;8,0;https://www.imdb.com/title/tt1312171;https://m.media-amazon.com/images/M/MV5BNTFhOTk1NTgtYWM1ZS00NWI1LTgzYzAtYmE5MjZiMDE0NzlhXkEyXkFqcGdeQXVyMTkxNjUyNQ@@._V1_SY1000_CR0,0,675,1000_AL_.jpg;1;10;0;False;;Hmmm
115;Unbreakable Kimmy Schmidt;7,6;https://www.imdb.com/title/tt3339966/;https://m.media-amazon.com/images/M/MV5BMTgyNTQyNjUwN15BMl5BanBnXkFtZTgwNjMwNjUzNzM@._V1_UX182_CR0,0,182,268_AL_.jpg;1;0;0;False;;Whatever
116;Undateable;7,3;https://www.imdb.com/title/tt2788780;https://m.media-amazon.com/images/M/MV5BMjA4NzUyMDQ1M15BMl5BanBnXkFtZTgwNDY3NzkwMjE@._V1_.jpg;3;13;13;False;;Completed
117;Untitled Grimm Spinoff;0;https://www.imdb.com/title/tt9165818/;a;1;0;0;False;;Not Aired Yet
118;Upload;8,2;https://www.imdb.com/title/tt7826376;https://m.media-amazon.com/images/M/MV5BZWEyM2U5ZTItMTFiYy00NjZlLWFjYzItNzBiMjkxNDRhNTUyXkEyXkFqcGdeQXVyODk4OTc3MTY@._V1_.jpg;1;11;0;False;;Hmmm
119;Vikings;8,6;https://www.imdb.com/title/tt2306299;https://m.media-amazon.com/images/M/MV5BZWNlZmNiNzItYWMwNC00ODYxLThlNjYtMjU3NzlmNDQxMTY2XkEyXkFqcGdeQXVyMTA3MzQ4MTc0._V1_SY1000_CR0,0,666,1000_AL_.jpg;1;9;0;False;;Hmmm
120;WandaVision;0;https://www.imdb.com/title/tt9140560/;https://m.media-amazon.com/images/M/MV5BNmNkNWJjODktZDFjNC00MTg5LWJmNWUtMjcwM2QzMGM2MmRkXkEyXkFqcGdeQXVyMDM2NDM2MQ@@._V1_UX182_CR0,0,182,268_AL_.jpg;1;0;0;False;;Not Aired Yet
121;Watchmen;8,1;https://www.imdb.com/title/tt7049682;https://m.media-amazon.com/images/M/MV5BYjhhZDE3NjgtMjkzNC00NzI3LWJhOTItMWQ5ZjljODA5NWNkXkEyXkFqcGdeQXVyMzQ2MDI5NjU@._V1_SY1000_CR0,0,666,1000_AL_.jpg;1;9;0;False;;Hmmm
122;Weeds;7,9;https://www.imdb.com/title/tt0439100;https://m.media-amazon.com/images/M/MV5BMTY1MTg1MTcxNl5BMl5BanBnXkFtZTcwMTI4ODUzMQ@@._V1_.jpg;1;10;0;False;;Comedy
123;Westworld;8,7;https://www.imdb.com/title/tt0475784/;https://m.media-amazon.com/images/M/MV5BMjM2MTA5NjIwNV5BMl5BanBnXkFtZTgwNjI2OTMxNTM@._V1_SY1000_CR0,0,674,1000_AL_.jpg;1;10;0;False;;Hmmm
124;Whitney;5,7;https://www.imdb.com/title/tt1850458;https://m.media-amazon.com/images/M/MV5BMTQ3NjY3NjAyN15BMl5BanBnXkFtZTcwODc3MzM3OA@@._V1_.jpg;2;16;16;False;;Completed
125;Wyonna Earp;7,4;https://www.imdb.com/title/tt4878326;https://m.media-amazon.com/images/M/MV5BMTQ2MTQ4MTk1OV5BMl5BanBnXkFtZTgwMDcxNjg0ODE@._V1_.jpg;1;13;0;False;;Whatever
126;Y: The Last Man;0;https://www.imdb.com/title/tt8042500/;https://m.media-amazon.com/images/M/MV5BMjQ3NDQ2MjkyNV5BMl5BanBnXkFtZTgwNDI1NjQzNzM@._V1_UY268_CR110,0,182,268_AL_.jpg;1;0;0;False;;Not Aired Yet
127;Young Sheldon;7,3;https://www.imdb.com/title/tt6226232/;https://m.media-amazon.com/images/M/MV5BZDg3MGNhYjItZGU2Yi00MzU4LWE4NGUtYjA2OTVjNGUyMjE4XkEyXkFqcGdeQXVyNjg4NzAyOTA@._V1_UX182_CR0,0,182,268_AL_.jpg;1;22;19;False;;Watching
128;Zoey's Extraordinary Playlist;7,6;https://www.imdb.com/title/tt10314462/;https://m.media-amazon.com/images/M/MV5BNzZiNmFiMjYtYWRhMi00ZDlhLThiOGItMGM1NTgzMDZmZTg4XkEyXkFqcGdeQXVyODk4OTc3MTY@._V1_UX182_CR0,0,182,268_AL_.jpg;1;12;0;False;;Whatever
